Uniprot ACC	Entry name	Gene name	Ensemble id	protein variant	is_snv	a.a.1	position	a.a.2	pathogenicity score	pathogenicity class	REVEL pathogenicity score	REVEL pathogenicity class	Name	Gene(s)	Protein change	Condition(s)	Accession	GRCh37Chromosome	GRCh37Location	GRCh38Chromosome	GRCh38Location	VariationID	AlleleID(s)	dbSNP ID	Canonical SPDI	Variant type	Molecular consequence	Germline classification	Germline date last evaluated	Germline review status	Somatic clinical impact	Somatic clinical impact date last evaluated	Somatic clinical impact review status	Oncogenicity classification	Oncogenicity date last evaluated	Oncogenicity review status	Column1
Q13188	STK3_HUMAN	STK3	ENST00000419617.7	p.Gln51His	y	Q	51	H	0.6629	likely_pathogenic	NA	NA	NM_006281.4(STK3):c.153A>C (p.Gln51His)	STK3	Q51H	not specified	VCV004176686	8	99779554	8	98767326	4176686	4294861	NA	NC_000008.11:98767325:T:G	single nucleotide variant	missense variant	Uncertain significance	2025.08.09	criteria provided, single submitter	NA	NA	NA	NA	NA	NA	NA
Q13188	STK3_HUMAN	STK3	ENST00000419617.7	p.Val98Ile	y	V	98	I	0.27	likely_benign	NA	NA	NM_006281.4(STK3):c.292G>A (p.Val98Ile)	STK3	V98I	not specified	VCV004590661	8	99761563	8	98749335	4590661	4700403	NA	NC_000008.11:98749334:C:T	single nucleotide variant	missense variant	Uncertain significance	2025.10.07	criteria provided, single submitter	NA	NA	NA	NA	NA	NA	NA
Q13188	STK3_HUMAN	STK3	ENST00000419617.7	p.Ser106Cys	y	S	106	C	0.9942	likely_pathogenic	NA	NA	NM_006281.4(STK3):c.317C>G (p.Ser106Cys)	STK3	S106C	not specified	VCV003323294	8	99761538	8	98749310	3323294	3485506	NA	NC_000008.11:98749309:G:C	single nucleotide variant	missense variant	Uncertain significance	2024.03.19	criteria provided, single submitter	NA	NA	NA	NA	NA	NA	NA
Q13188	STK3_HUMAN	STK3	ENST00000419617.7	p.Ala124Glu	y	A	124	E	0.9548	likely_pathogenic	NA	NA	NM_006281.4(STK3):c.371C>A (p.Ala124Glu)	STK3	A124E	not specified	VCV003802448	8	99719520	8	98707292	3802448	3919692	NA	NC_000008.11:98707291:G:T	single nucleotide variant	missense variant|intron variant	Uncertain significance	2025.01.07	criteria provided, single submitter	NA	NA	NA	NA	NA	NA	NA
Q13188	STK3_HUMAN	STK3	ENST00000419617.7	p.Met140Val	y	M	140	V	0.6145	likely_pathogenic	NA	NA	NM_006281.4(STK3):c.418A>G (p.Met140Val)	STK3	M140V	not specified	VCV003171323	8	99719473	8	98707245	3171323	3334504	rs575295558	NC_000008.11:98707244:T:C	single nucleotide variant	missense variant|intron variant	Uncertain significance	2023.12.08	criteria provided, single submitter	NA	NA	NA	NA	NA	NA	NA
Q13188	STK3_HUMAN	STK3	ENST00000419617.7	p.Ile147Val	y	I	147	V	0.2394	likely_benign	NA	NA	NM_006281.4(STK3):c.439A>G (p.Ile147Val)	STK3	I147V	not specified	VCV004590665	8	99719452	8	98707224	4590665	4700407	NA	NC_000008.11:98707223:T:C	single nucleotide variant	missense variant|intron variant	Uncertain significance	2025.11.24	criteria provided, single submitter	NA	NA	NA	NA	NA	NA	NA
Q13188	STK3_HUMAN	STK3	ENST00000419617.7	p.Ala163Glu	y	A	163	E	0.9999	likely_pathogenic	NA	NA	NM_006281.4(STK3):c.488C>A (p.Ala163Glu)	STK3	A163E	not specified	VCV004176690	8	99719403	8	98707175	4176690	4294865	NA	NC_000008.11:98707174:G:T	single nucleotide variant	missense variant|intron variant	Uncertain significance	2025.08.22	criteria provided, single submitter	NA	NA	NA	NA	NA	NA	NA
Q13188	STK3_HUMAN	STK3	ENST00000419617.7	p.Arg178Cys	y	R	178	C	0.998	likely_pathogenic	NA	NA	NM_006281.4(STK3):c.532C>T (p.Arg178Cys)	STK3	R178C	not specified	VCV004590663	8	99718847	8	98706619	4590663	4700405	NA	NC_000008.11:98706618:G:A	single nucleotide variant	missense variant|intron variant	Uncertain significance	2025.10.24	criteria provided, single submitter	NA	NA	NA	NA	NA	NA	NA
Q13188	STK3_HUMAN	STK3	ENST00000419617.7	p.Gly208Ala	y	G	208	A	0.9792	likely_pathogenic	NA	NA	NM_006281.4(STK3):c.623G>C (p.Gly208Ala)	STK3	G208A	not specified	VCV003963333	8	99718756	8	98706528	3963333	4079913	NA	NC_000008.11:98706527:C:G	single nucleotide variant	missense variant|intron variant	Uncertain significance	2025.04.29	criteria provided, single submitter	NA	NA	NA	NA	NA	NA	NA
Q13188	STK3_HUMAN	STK3	ENST00000419617.7	p.Ile212Met	y	I	212	M	0.3265	likely_benign	NA	NA	NM_006281.4(STK3):c.636A>G (p.Ile212Met)	STK3	I212M	not specified	VCV003963339	8	99718743	8	98706515	3963339	4079919	NA	NC_000008.11:98706514:T:C	single nucleotide variant	missense variant|intron variant	Uncertain significance	2025.05.30	criteria provided, single submitter	NA	NA	NA	NA	NA	NA	NA
Q13188	STK3_HUMAN	STK3	ENST00000419617.7	p.Met214Ile	y	M	214	I	0.9761	likely_pathogenic	NA	NA	NM_006281.4(STK3):c.642G>A (p.Met214Ile)	STK3	M214I	not specified	VCV003802446	8	99718737	8	98706509	3802446	3919690	NA	NC_000008.11:98706508:C:T	single nucleotide variant	missense variant|intron variant	Uncertain significance	2025.01.17	criteria provided, single submitter	NA	NA	NA	NA	NA	NA	NA
Q13188	STK3_HUMAN	STK3	ENST00000419617.7	p.Met214Val	y	M	214	V	0.9128	likely_pathogenic	NA	NA	NM_006281.4(STK3):c.640A>G (p.Met214Val)	STK3	M214V	not specified	VCV002351878	8	99718739	8	98706511	2351878	2339864	rs1424205963	NC_000008.11:98706510:T:C	single nucleotide variant	missense variant|intron variant	Uncertain significance	2022.05.27	criteria provided, single submitter	NA	NA	NA	NA	NA	NA	NA
Q13188	STK3_HUMAN	STK3	ENST00000419617.7	p.Gly217Glu	y	G	217	E	0.9972	likely_pathogenic	NA	NA	NM_006281.4(STK3):c.650G>A (p.Gly217Glu)	STK3	G217E	not specified	VCV003963338	8	99718729	8	98706501	3963338	4079918	NA	NC_000008.11:98706500:C:T	single nucleotide variant	missense variant|intron variant	Uncertain significance	2025.05.06	criteria provided, single submitter	NA	NA	NA	NA	NA	NA	NA
Q13188	STK3_HUMAN	STK3	ENST00000419617.7	p.Lys218Gln	y	K	218	Q	0.8432	likely_pathogenic	NA	NA	NM_006281.4(STK3):c.652A>C (p.Lys218Gln)	STK3	K218Q	not specified	VCV003323293	8	99718727	8	98706499	3323293	3485505	NA	NC_000008.11:98706498:T:G	single nucleotide variant	missense variant|intron variant	Uncertain significance	2024.03.31	criteria provided, single submitter	NA	NA	NA	NA	NA	NA	NA
Q13188	STK3_HUMAN	STK3	ENST00000419617.7	p.Ile224Lys	y	I	224	K	0.9978	likely_pathogenic	NA	NA	NM_006281.4(STK3):c.671T>A (p.Ile224Lys)	STK3	I224K	not specified	VCV003450639	8	99718708	8	98706480	3450639	3614851	NA	NC_000008.11:98706479:A:T	single nucleotide variant	missense variant|intron variant	Uncertain significance	2024.11.26	criteria provided, single submitter	NA	NA	NA	NA	NA	NA	NA
Q13188	STK3_HUMAN	STK3	ENST00000419617.7	p.Asp249Gly	y	D	249	G	0.1095	likely_benign	NA	NA	NM_006281.4(STK3):c.746A>G (p.Asp249Gly)	STK3	D249G	not specified	VCV003323295	8	99608336	8	98596108	3323295	3485507	NA	NC_000008.11:98596107:T:C	single nucleotide variant	missense variant	Uncertain significance	2024.05.30	criteria provided, single submitter	NA	NA	NA	NA	NA	NA	NA
Q13188	STK3_HUMAN	STK3	ENST00000419617.7	p.Asp249Asn	y	D	249	N	0.0887	likely_benign	NA	NA	NM_006281.4(STK3):c.745G>A (p.Asp249Asn)	STK3	D249N	not specified	VCV002210062	8	99608337	8	98596109	2210062	2200855	rs1338762257	NC_000008.11:98596108:C:T	single nucleotide variant	missense variant	Uncertain significance	2022.05.11	criteria provided, single submitter	NA	NA	NA	NA	NA	NA	NA
Q13188	STK3_HUMAN	STK3	ENST00000419617.7	p.Phe277Leu	y	F	277	L	0.9921	likely_pathogenic	NA	NA	NM_006281.4(STK3):c.829T>C (p.Phe277Leu)	STK3	F277L	not specified	VCV003802445	8	99592011	8	98579783	3802445	3919689	NA	NC_000008.11:98579782:A:G	single nucleotide variant	missense variant	Uncertain significance	2025.02.07	criteria provided, single submitter	NA	NA	NA	NA	NA	NA	NA
Q13188	STK3_HUMAN	STK3	ENST00000419617.7	p.Ser285Pro	y	S	285	P	0.2053	likely_benign	NA	NA	NM_006281.4(STK3):c.853T>C (p.Ser285Pro)	STK3	S285P	not specified	VCV002288699	8	99591987	8	98579759	2288699	2282823	rs1563760718	NC_000008.11:98579758:A:G	single nucleotide variant	missense variant	Uncertain significance	2025.08.12	criteria provided, single submitter	NA	NA	NA	NA	NA	NA	NA
Q13188	STK3_HUMAN	STK3	ENST00000419617.7	p.Ile286Thr	y	I	286	T	0.2813	likely_benign	NA	NA	NM_006281.4(STK3):c.857T>C (p.Ile286Thr)	STK3	I286T	not specified	VCV002396653	8	99591983	8	98579755	2396653	2385641	rs749218138	NC_000008.11:98579754:A:G	single nucleotide variant	missense variant	Uncertain significance	2021.08.23	criteria provided, single submitter	NA	NA	NA	NA	NA	NA	NA
Q13188	STK3_HUMAN	STK3	ENST00000419617.7	p.Arg301Lys	y	R	301	K	0.091	likely_benign	NA	NA	NM_006281.4(STK3):c.902G>A (p.Arg301Lys)	STK3	R301K	not specified	VCV002544340	8	99591938	8	98579710	2544340	2713320	rs747423317	NC_000008.11:98579709:C:T	single nucleotide variant	missense variant	Uncertain significance	2023.05.05	criteria provided, single submitter	NA	NA	NA	NA	NA	NA	NA
Q13188	STK3_HUMAN	STK3	ENST00000419617.7	p.His302Gln	y	H	302	Q	0.0801	likely_benign	NA	NA	NM_006281.4(STK3):c.906T>G (p.His302Gln)	STK3	H302Q	not specified	VCV003171324	8	99591934	8	98579706	3171324	3334505	rs1317615834	NC_000008.11:98579705:A:C	single nucleotide variant	missense variant	Uncertain significance	2023.10.17	criteria provided, single submitter	NA	NA	NA	NA	NA	NA	NA
Q13188	STK3_HUMAN	STK3	ENST00000419617.7	p.His302Arg	y	H	302	R	0.1094	likely_benign	NA	NA	NM_006281.4(STK3):c.905A>G (p.His302Arg)	STK3	H302R	not specified	VCV003963330	8	99591935	8	98579707	3963330	4079910	NA	NC_000008.11:98579706:T:C	single nucleotide variant	missense variant	Uncertain significance	2025.04.25	criteria provided, single submitter	NA	NA	NA	NA	NA	NA	NA
Q13188	STK3_HUMAN	STK3	ENST00000419617.7	p.Arg307Leu	y	R	307	L	0.2252	likely_benign	NA	NA	NM_006281.4(STK3):c.920G>T (p.Arg307Leu)	STK3	R307L	not specified	VCV004176689	8	99591920	8	98579692	4176689	4294864	NA	NC_000008.11:98579691:C:A	single nucleotide variant	missense variant	Uncertain significance	2025.08.09	criteria provided, single submitter	NA	NA	NA	NA	NA	NA	NA
Q13188	STK3_HUMAN	STK3	ENST00000419617.7	p.Ser316Leu	y	S	316	L	0.102	likely_benign	NA	NA	NM_006281.4(STK3):c.947C>T (p.Ser316Leu)	STK3	S316L	not specified	VCV002544910	8	99591893	8	98579665	2544910	2705972	rs759167472	NC_000008.11:98579664:G:A	single nucleotide variant	missense variant	Uncertain significance	2023.05.08	criteria provided, single submitter	NA	NA	NA	NA	NA	NA	NA
Q13188	STK3_HUMAN	STK3	ENST00000419617.7	p.Asp317Ala	y	D	317	A	0.1655	likely_benign	NA	NA	NM_006281.4(STK3):c.950A>C (p.Asp317Ala)	STK3	D317A	not specified	VCV003450637	8	99560388	8	98548160	3450637	3614849	NA	NC_000008.11:98548159:T:G	single nucleotide variant	missense variant	Uncertain significance	2024.09.25	criteria provided, single submitter	NA	NA	NA	NA	NA	NA	NA
Q13188	STK3_HUMAN	STK3	ENST00000419617.7	p.Ser333Ile	y	S	333	I	0.2051	likely_benign	NA	NA	NM_006281.4(STK3):c.998G>T (p.Ser333Ile)	STK3	S333I	not specified	VCV003802450	8	99560340	8	98548112	3802450	3919694	NA	NC_000008.11:98548111:C:A	single nucleotide variant	missense variant	Uncertain significance	2025.01.19	criteria provided, single submitter	NA	NA	NA	NA	NA	NA	NA
Q13188	STK3_HUMAN	STK3	ENST00000419617.7	p.Thr342Met	y	T	342	M	0.1339	likely_benign	NA	NA	NM_006281.4(STK3):c.1025C>T (p.Thr342Met)	STK3	T342M	not specified	VCV004590662	8	99560313	8	98548085	4590662	4700404	NA	NC_000008.11:98548084:G:A	single nucleotide variant	missense variant	Uncertain significance	2025.09.26	criteria provided, single submitter	NA	NA	NA	NA	NA	NA	NA
Q13188	STK3_HUMAN	STK3	ENST00000419617.7	p.Ala347Ser	y	A	347	S	0.0728	likely_benign	NA	NA	NM_006281.4(STK3):c.1039G>T (p.Ala347Ser)	STK3	A347S	not specified	VCV004590659	8	99560299	8	98548071	4590659	4700401	NA	NC_000008.11:98548070:C:A	single nucleotide variant	missense variant	Uncertain significance	2025.10.08	criteria provided, single submitter	NA	NA	NA	NA	NA	NA	NA
Q13188	STK3_HUMAN	STK3	ENST00000419617.7	p.Met350Val	y	M	350	V	0.1335	likely_benign	NA	NA	NM_006281.4(STK3):c.1048A>G (p.Met350Val)	STK3	M350V	not specified	VCV002405551	8	99560290	8	98548062	2405551	2388794	rs908567268	NC_000008.11:98548061:T:C	single nucleotide variant	missense variant	Uncertain significance	2025.06.18	criteria provided, single submitter	NA	NA	NA	NA	NA	NA	NA
Q13188	STK3_HUMAN	STK3	ENST00000419617.7	p.Ile351Thr	y	I	351	T	0.4576	ambiguous	NA	NA	NM_006281.4(STK3):c.1052T>C (p.Ile351Thr)	STK3	I351T	not specified	VCV002460763	8	99560286	8	98548058	2460763	2436032	rs377506715	NC_000008.11:98548057:A:G	single nucleotide variant	missense variant	Uncertain significance	2023.02.15	criteria provided, single submitter	NA	NA	NA	NA	NA	NA	NA
Q13188	STK3_HUMAN	STK3	ENST00000419617.7	p.Asp361Asn	y	D	361	N	0.1815	likely_benign	NA	NA	NM_006281.4(STK3):c.1081G>A (p.Asp361Asn)	STK3	D361N	not specified	VCV003802447	8	99560257	8	98548029	3802447	3919691	NA	NC_000008.11:98548028:C:T	single nucleotide variant	missense variant	Uncertain significance	2025.01.18	criteria provided, single submitter	NA	NA	NA	NA	NA	NA	NA
Q13188	STK3_HUMAN	STK3	ENST00000419617.7	p.Glu375Gly	y	E	375	G	0.1331	likely_benign	NA	NA	NM_006281.4(STK3):c.1124A>G (p.Glu375Gly)	STK3	E375G	not specified	VCV002327877	8	99560214	8	98547986	2327877	2320221	rs2489181972	NC_000008.11:98547985:T:C	single nucleotide variant	missense variant	Uncertain significance	2022.11.18	criteria provided, single submitter	NA	NA	NA	NA	NA	NA	NA
Q13188	STK3_HUMAN	STK3	ENST00000419617.7	p.Thr378Ala	y	T	378	A	0.2665	likely_benign	NA	NA	NM_006281.4(STK3):c.1132A>G (p.Thr378Ala)	STK3	T378A	not specified	VCV003963332	8	99560206	8	98547978	3963332	4079912	NA	NC_000008.11:98547977:T:C	single nucleotide variant	missense variant	Uncertain significance	2025.04.02	criteria provided, single submitter	NA	NA	NA	NA	NA	NA	NA
Q13188	STK3_HUMAN	STK3	ENST00000419617.7	p.Thr378Ser	y	T	378	S	0.1397	likely_benign	NA	NA	NM_006281.4(STK3):c.1132A>T (p.Thr378Ser)	STK3	T378S	not specified	VCV003963331	8	99560206	8	98547978	3963331	4079911	NA	NC_000008.11:98547977:T:A	single nucleotide variant	missense variant	Uncertain significance	2025.06.03	criteria provided, single submitter	NA	NA	NA	NA	NA	NA	NA
Q13188	STK3_HUMAN	STK3	ENST00000419617.7	p.Pro386Ser	y	P	386	S	0.0651	likely_benign	NA	NA	NM_006281.4(STK3):c.1156C>T (p.Pro386Ser)	STK3	P386S	not specified	VCV004176685	8	99539131	8	98526903	4176685	4294860	NA	NC_000008.11:98526902:G:A	single nucleotide variant	missense variant	Uncertain significance	2025.08.02	criteria provided, single submitter	NA	NA	NA	NA	NA	NA	NA
Q13188	STK3_HUMAN	STK3	ENST00000419617.7	p.Val388Ile	y	V	388	I	0.0637	likely_benign	NA	NA	NM_006281.4(STK3):c.1162G>A (p.Val388Ile)	STK3	V388I	not specified	VCV003802451	8	99539125	8	98526897	3802451	3919695	NA	NC_000008.11:98526896:C:T	single nucleotide variant	missense variant	Uncertain significance	2025.02.19	criteria provided, single submitter	NA	NA	NA	NA	NA	NA	NA
Q13188	STK3_HUMAN	STK3	ENST00000419617.7	p.Pro391Ser	y	P	391	S	0.9487	likely_pathogenic	NA	NA	NM_006281.4(STK3):c.1171C>T (p.Pro391Ser)	STK3	P391S	not specified	VCV003802449	8	99539116	8	98526888	3802449	3919693	NA	NC_000008.11:98526887:G:A	single nucleotide variant	missense variant	Uncertain significance	2024.12.20	criteria provided, single submitter	NA	NA	NA	NA	NA	NA	NA
Q13188	STK3_HUMAN	STK3	ENST00000419617.7	p.Ser392Tyr	y	S	392	Y	0.3617	ambiguous	0.192	likely_benign	NM_006281.4(STK3):c.1175C>A (p.Ser392Tyr)	STK3	S392Y	not specified	VCV004590666	8	99539112	8	98526884	4590666	4700408	NA	NC_000008.11:98526883:G:T	single nucleotide variant	missense variant	Uncertain significance	2025.12.08	criteria provided, single submitter	NA	NA	NA	NA	NA	NA	NA
Q13188	STK3_HUMAN	STK3	ENST00000419617.7	p.Met394Val	y	M	394	V	0.3169	likely_benign	NA	NA	NM_006281.4(STK3):c.1180A>G (p.Met394Val)	STK3	M394V	not specified	VCV003450638	8	99539107	8	98526879	3450638	3614850	NA	NC_000008.11:98526878:T:C	single nucleotide variant	missense variant	Uncertain significance	2024.08.04	criteria provided, single submitter	NA	NA	NA	NA	NA	NA	NA
Q13188	STK3_HUMAN	STK3	ENST00000419617.7	p.Gln412Lys	y	Q	412	K	0.0769	likely_benign	NA	NA	NM_006281.4(STK3):c.1234C>A (p.Gln412Lys)	STK3	Q412K	not specified	VCV003171320	8	99539053	8	98526825	3171320	3334501	rs749145486	NC_000008.11:98526824:G:T	single nucleotide variant	missense variant	Uncertain significance	2024.01.09	criteria provided, single submitter	NA	NA	NA	NA	NA	NA	NA
Q13188	STK3_HUMAN	STK3	ENST00000419617.7	p.Asn413Ile	y	N	413	I	0.0987	likely_benign	NA	NA	NM_006281.4(STK3):c.1238A>T (p.Asn413Ile)	STK3	N413I	not specified	VCV004590664	8	99539049	8	98526821	4590664	4700406	NA	NC_000008.11:98526820:T:A	single nucleotide variant	missense variant	Uncertain significance	2025.11.07	criteria provided, single submitter	NA	NA	NA	NA	NA	NA	NA
Q13188	STK3_HUMAN	STK3	ENST00000419617.7	p.Met414Ile	y	M	414	I	0.0719	likely_benign	NA	NA	NM_006281.4(STK3):c.1242G>T (p.Met414Ile)	STK3	M414I	not specified	VCV002278541	8	99539045	8	98526817	2278541	2263176	rs369763923	NC_000008.11:98526816:C:A	single nucleotide variant	missense variant	Uncertain significance	2025.08.26	criteria provided, single submitter	NA	NA	NA	NA	NA	NA	NA
Q13188	STK3_HUMAN	STK3	ENST00000419617.7	p.Phe418Cys	y	F	418	C	0.0703	likely_benign	NA	NA	NM_006281.4(STK3):c.1253T>G (p.Phe418Cys)	STK3	F418C	not specified	VCV002282346	8	99539034	8	98526806	2282346	2273458	rs36047674	NC_000008.11:98526805:A:C	single nucleotide variant	missense variant	Uncertain significance	2021.10.06	criteria provided, single submitter	NA	NA	NA	NA	NA	NA	NA
Q13188	STK3_HUMAN	STK3	ENST00000419617.7	p.Met420Val	y	M	420	V	0.0484	likely_benign	NA	NA	NM_006281.4(STK3):c.1258A>G (p.Met420Val)	STK3	M420V	not specified	VCV004176684	8	99539029	8	98526801	4176684	4294859	NA	NC_000008.11:98526800:T:C	single nucleotide variant	missense variant	Uncertain significance	2025.08.03	criteria provided, single submitter	NA	NA	NA	NA	NA	NA	NA
Q13188	STK3_HUMAN	STK3	ENST00000419617.7	p.Asp427Glu	y	D	427	E	0.0919	likely_benign	NA	NA	NM_006281.4(STK3):c.1281T>A (p.Asp427Glu)	STK3	D427E	not specified	VCV002412274	8	99539006	8	98526778	2412274	2400127	rs776939644	NC_000008.11:98526777:A:T	single nucleotide variant	missense variant	Uncertain significance	2024.12.10	criteria provided, single submitter	NA	NA	NA	NA	NA	NA	NA
Q13188	STK3_HUMAN	STK3	ENST00000419617.7	p.Asn428Tyr	y	N	428	Y	0.159	likely_benign	NA	NA	NM_006281.4(STK3):c.1282A>T (p.Asn428Tyr)	STK3	N428Y	not specified	VCV003171321	8	99539005	8	98526777	3171321	3334502	rs1273771278	NC_000008.11:98526776:T:A	single nucleotide variant	missense variant	Uncertain significance	2023.10.17	criteria provided, single submitter	NA	NA	NA	NA	NA	NA	NA
Q13188	STK3_HUMAN	STK3	ENST00000419617.7	p.Asp434Gly	y	D	434	G	0.2589	likely_benign	NA	NA	NM_006281.4(STK3):c.1301A>G (p.Asp434Gly)	STK3	D434G	not specified	VCV003963337	8	99538986	8	98526758	3963337	4079917	NA	NC_000008.11:98526757:T:C	single nucleotide variant	missense variant	Uncertain significance	2025.05.01	criteria provided, single submitter	NA	NA	NA	NA	NA	NA	NA
Q13188	STK3_HUMAN	STK3	ENST00000419617.7	p.Gly435Arg	y	G	435	R	0.7991	likely_pathogenic	NA	NA	NM_006281.4(STK3):c.1303G>A (p.Gly435Arg)	STK3	G435R	not specified	VCV003963335	8	99538984	8	98526756	3963335	4079915	NA	NC_000008.11:98526755:C:T	single nucleotide variant	missense variant	Uncertain significance	2025.03.28	criteria provided, single submitter	NA	NA	NA	NA	NA	NA	NA
Q13188	STK3_HUMAN	STK3	ENST00000419617.7	p.Arg461Gln	y	R	461	Q	0.0859	likely_benign	NA	NA	NM_006281.4(STK3):c.1382G>A (p.Arg461Gln)	STK3	R461Q	not specified	VCV004590660	8	99468164	8	98455936	4590660	4700402	NA	NC_000008.11:98455935:C:T	single nucleotide variant	missense variant	Uncertain significance	2025.11.04	criteria provided, single submitter	NA	NA	NA	NA	NA	NA	NA
Q13188	STK3_HUMAN	STK3	ENST00000419617.7	p.Glu465Gln	y	E	465	Q	0.3288	likely_benign	NA	NA	NM_006281.4(STK3):c.1393G>C (p.Glu465Gln)	STK3	E465Q	not specified	VCV004176687	8	99468153	8	98455925	4176687	4294862	NA	NC_000008.11:98455924:C:G	single nucleotide variant	missense variant	Uncertain significance	2025.08.08	criteria provided, single submitter	NA	NA	NA	NA	NA	NA	NA
Q13188	STK3_HUMAN	STK3	ENST00000419617.7	p.Leu466Val	y	L	466	V	0.4839	ambiguous	0.27	likely_benign	NM_006281.4(STK3):c.1396C>G (p.Leu466Val)	STK3	L466V	not specified	VCV003963336	8	99468150	8	98455922	3963336	4079916	NA	NC_000008.11:98455921:G:C	single nucleotide variant	missense variant	Uncertain significance	2025.06.07	criteria provided, single submitter	NA	NA	NA	NA	NA	NA	NA
Q13188	STK3_HUMAN	STK3	ENST00000419617.7	p.Arg469Ile	y	R	469	I	0.9259	likely_pathogenic	NA	NA	NM_006281.4(STK3):c.1406G>T (p.Arg469Ile)	STK3	R469I	not specified	VCV004176688	8	99468140	8	98455912	4176688	4294863	NA	NC_000008.11:98455911:C:A	single nucleotide variant	missense variant	Uncertain significance	2025.08.21	criteria provided, single submitter	NA	NA	NA	NA	NA	NA	NA
Q13188	STK3_HUMAN	STK3	ENST00000419617.7	p.Asn490Ser	y	N	490	S	0.2776	likely_benign	NA	NA	NM_006281.4(STK3):c.1469A>G (p.Asn490Ser)	STK3	N490S	not specified	VCV003171322	8	99468077	8	98455849	3171322	3334503	rs2488743895	NC_000008.11:98455848:T:C	single nucleotide variant	missense variant	Uncertain significance	2023.09.23	criteria provided, single submitter	NA	NA	NA	NA	NA	NA	NA
