Position	CDS Mutation	AA Mutation	Legacy Mutation ID	Count	Type
3	c.7C>A	p.Q3K	COSM5959655	4	Substitution - Missense
5	c.13C>T	p.P5S	COSM6405396	2	Substitution - Missense
6	c.18G>T	p.A6=	COSM9970924	1	Substitution - coding silent
10	c.29A>C	p.K10T	COSM8856979	1	Substitution - Missense
16	c.48A>C	p.E16D	COSM4187302	1	Substitution - Missense
18	c.52A>T	p.S18C	COSM3942838	1	Substitution - Missense
23	c.68C>T	p.P23L	COSM8661640	1	Substitution - Missense
25	c.74_76del	p.E25del	COSM9971360	1	Deletion - In frame
26	c.76G>C	p.V26L	COSM6399473	2	Substitution - Missense
28	c.81dup	p.D28*	COSM10836617	1	Insertion - Frameshift
31	c.91G>T	p.E31*	COSM6052846	1	Substitution - Nonsense
31	c.93G>T	p.E31D	COSM1102933	1	Substitution - Missense
35	c.103G>A	p.E35K	COSM4532407	2	Substitution - Missense
36	c.107G>A	p.G36E	COSM7002505	1	Substitution - Missense
39	c.116G>C	p.G39A	COSM6905459	1	Substitution - Missense
40	c.119G>A	p.S40N	COSM9500814	1	Substitution - Missense
47	c.140A>C	p.K47T	COSM5644457	1	Substitution - Missense
50	c.148G>A	p.G50S	COSM4588285	1	Substitution - Missense
54	c.160G>A	p.A54T	COSM199449	2	Substitution - Missense
55	c.163A>G	p.I55V	COSM1624333	2	Substitution - Missense
57	c.171A>T	p.Q57H	COSM8324727	1	Substitution - Missense
59	c.176C>A	p.P59H	COSM7265688	1	Substitution - Missense
59	c.176C>G	p.P59R	COSM2792702	1	Substitution - Missense
60	c.178G>C	p.V60L	COSM20625	2	Substitution - Missense
67	c.199A>G	p.I67V	COSM6197234	1	Substitution - Missense
67	c.201A>T	p.I67=	COSM5632800	1	Substitution - coding silent
68	c.204C>A	p.I68=	COSM7653282	1	Substitution - coding silent
70	c.208G>T	p.E70*	COSM9004030	1	Substitution - Nonsense
70	c.210A>C	p.E70D	COSM1102931	1	Substitution - Missense
72	c.214T>C	p.S72P	COSM5358974	1	Substitution - Missense
72	c.215C>T	p.S72F	COSM5939864	1	Substitution - Missense
73	c.217A>T	p.I73L	COSM9175414	2	Substitution - Missense
73	c.217del	p.I73*	COSM3737177	1	Deletion - Frameshift
77	c.229T>C	p.C77R	COSM4588284	1	Substitution - Missense
78	c.233A>G	p.D78G	COSM3929691	1	Substitution - Missense
79	c.235A>G	p.S79G	COSM8580875	1	Substitution - Missense
79	c.236G>T	p.S79I	COSM293582	1	Substitution - Missense
81	c.241T>C	p.Y81H	COSM6224761	1	Substitution - Missense
82	c.244G>A	p.V82I	COSM8726052	1	Substitution - Missense
96	c.287G>T	p.W96L	COSM7893376	1	Substitution - Missense
100	c.298G>A	p.E100K	COSM5875186	1	Substitution - Missense
101	c.301T>C	p.Y101H	COSM3902370	2	Substitution - Missense
103	c.309C>T	p.G103=	COSM8164317	1	Substitution - coding silent
104	c.310G>A	p.A104T	COSM2792699	1	Substitution - Missense
105	c.314G>C	p.G105A	COSM48792	1	Substitution - Missense
106	c.317C>G	p.S106C	COSM7113388	1	Substitution - Missense
106	c.317C>T	p.S106F	COSM3902369	1	Substitution - Missense
108	c.323C>T	p.S108L	COSM10947029	1	Substitution - Missense
110	c.329T>C	p.I110T	COSM8995901	1	Substitution - Missense
112	c.334A>C	p.R112=	COSM7509394	1	Substitution - coding silent
112	c.335G>A	p.R112K	COSM5925456	1	Substitution - Missense
112	c.335G>T	p.R112I	COSM10331868	1	Substitution - Missense
114	c.340C>T	p.R114*	COSM1726519	4	Substitution - Nonsense
114	c.341G>A	p.R114Q	COSM1458843	3	Substitution - Missense
122	c.364_365insT	p.E122Vfs*7	COSM6458996	1	Insertion - Frameshift
130	c.389C>T	p.T130I	COSM5351541	1	Substitution - Missense
133	c.397G>A	p.G133R	COSM6890242	1	Substitution - Missense
133	c.397G>T	p.G133*	COSM9004016	1	Substitution - Nonsense
133	c.398G>A	p.G133E	COSM5467527	1	Substitution - Missense
142	c.425A>G	p.K142R	COSM7735240	1	Substitution - Missense
144	c.430C>T	p.H144Y	COSM7519748	2	Substitution - Missense
145	c.434G>A	p.R145K	COSM8137573	1	Substitution - Missense
146	c.436G>T	p.D146Y	COSM8985360	1	Substitution - Missense
147	c.439A>G	p.I147V	COSM9857307	2	Substitution - Missense
150	c.449G>T	p.G150V	COSM455004	1	Substitution - Missense
151	c.452A>G	p.N151S	COSM1659875	1	Substitution - Missense
153	c.457C>T	p.L153F	COSM5893326	2	Substitution - Missense
154	c.462C>T	p.L154=	COSM5885667	1	Substitution - coding silent
158	c.472G>A	p.G158R	COSM7456207	1	Substitution - Missense
161	c.483A>G	p.K161=	COSM21123	2	Substitution - coding silent
163	c.487G>A	p.A163T	COSM8512414	1	Substitution - Missense
163	c.487G>T	p.A163S	COSM10033954	1	Substitution - Missense
169	c.507T>G	p.G169=	COSM5632647	1	Substitution - coding silent
170	c.508C>T	p.Q170*	COSM4912578	1	Substitution - Nonsense
173	c.517G>T	p.D173Y	COSM6181656	1	Substitution - Missense
173	c.518A>T	p.D173V	COSM5776420	1	Substitution - Missense
173	c.519T>C	p.D173=	COSM1458841	1	Substitution - coding silent
175	c.524T>A	p.M175K	COSM10422657	1	Substitution - Missense
176	c.526G>T	p.A176S	COSM7802067	1	Substitution - Missense
176	c.528A>G	p.A176=	COSM8167426	1	Substitution - coding silent
178	c.532C>T	p.R178C	COSM4171823	2	Substitution - Missense
178	c.533G>A	p.R178H	COSM1102929	4	Substitution - Missense
181	c.541G>T	p.V181L	COSM377750	1	Substitution - Missense
186	c.556T>C	p.F186L	COSM9126193	2	Substitution - Missense
188	c.563T>C	p.M188T	COSM7544603	1	Substitution - Missense
191	c.571G>A	p.E191K	COSM10743720	8	Substitution - Missense
192	c.575T>G	p.V192G	COSM9742400	1	Substitution - Missense
192	c.576G>A	p.V192=	COSM4368912	1	Substitution - coding silent
194	c.580C>A	p.Q194K	COSM10173810	1	Substitution - Missense
195	c.583G>T	p.E195*	COSM1102927	2	Substitution - Nonsense
196	c.588A>T	p.I196=	COSM7179633	1	Substitution - coding silent
198	c.593A>G	p.Y198C	COSM8478118	1	Substitution - Missense
198	c.594T>C	p.Y198=	COSM8215171	1	Substitution - coding silent
210	c.628A>C	p.T210P	COSM9252118	1	Substitution - Missense
211	c.632C>T	p.S211F	COSM213179	1	Substitution - Missense
213	c.637G>C	p.E213Q	COSM4825358	1	Substitution - Missense
213	c.637G>T	p.E213*	COSM10605269	1	Substitution - Nonsense
216	c.648A>C	p.E216D	COSM7720132	1	Substitution - Missense
220	c.659C>A	p.P220H	COSM7856893	1	Substitution - Missense
220	c.660T>G	p.P220=	COSM4399994	1	Substitution - coding silent
226	c.676C>G	p.P226A	COSM3413188	1	Substitution - Missense
226	c.676C>T	p.P226S	COSM5875185	2	Substitution - Missense
234	c.701C>A	p.P234H	COSM10725027	1	Substitution - Missense
245	c.735A>C	p.E245D	COSM5711060	1	Substitution - Missense
249	c.745G>A	p.D249N	COSM7585195	1	Substitution - Missense
251	c.752T>C	p.F251S	COSM3699229	1	Substitution - Missense
253	c.757G>A	p.D253N	COSM7601674	3	Substitution - Missense
257	c.770A>G	p.K257R	COSM6583742	1	Substitution - Missense
258	c.774T>A	p.C258*	COSM4398614	1	Substitution - Nonsense
264	c.790G>A	p.E264K	COSM7157025	1	Substitution - Missense
265	c.793C>A	p.Q265K	COSM6338845	1	Substitution - Missense
274	c.821A>G	p.Q274R	COSM9150650	1	Substitution - Missense
274	c.822G>C	p.Q274H	COSM5788752	1	Substitution - Missense
274	c.822G>T	p.Q274H	COSM1102925	1	Substitution - Missense
278	c.832A>T	p.I278F	COSM5821323	1	Substitution - Missense
284	c.851T>G	p.V284G	COSM6181657	1	Substitution - Missense
290	c.868C>A	p.L290M	COSM1102923	1	Substitution - Missense
292	c.875C>T	p.T292I	COSM8744124	1	Substitution - Missense
293	c.877G>A	p.E293K	COSM8435976	1	Substitution - Missense
293	c.877G>C	p.E293Q	COSM4432261	1	Substitution - Missense
293	c.879A>C	p.E293D	COSM8536549	1	Substitution - Missense
302	c.906T>C	p.H302=	COSM267524	1	Substitution - coding silent
307	c.919C>T	p.R307*	COSM8939076	1	Substitution - Nonsense
309	c.925T>C	p.L309=	COSM455003	1	Substitution - coding silent
311	c.931G>A	p.E311K	COSM9920733	1	Substitution - Missense
314	c.940G>C	p.E314Q	COSM8354896	1	Substitution - Missense
316	c.947C>A	p.S316*	COSM486797	1	Substitution - Nonsense
316	c.947C>T	p.S316L	COSM1102921	7	Substitution - Missense
316	c.948G>A	p.S316=	COSM7337140	3	Substitution - coding silent
318	c.952G>A	p.E318K	COSM1102919	1	Substitution - Missense
321	c.963G>C	p.L321=	COSM5667254	1	Substitution - coding silent
322	c.964G>A	p.D322N	COSM9450895	1	Substitution - Missense
322	c.964G>T	p.D322Y	COSM95290	1	Substitution - Missense
326	c.976A>T	p.M326L	COSM4925490	2	Substitution - Missense
327	c.980T>C	p.V327A	COSM10631813	1	Substitution - Missense
328	c.984G>T	p.K328N	COSM9200366	1	Substitution - Missense
335	c.1004G>A	p.G335D	COSM270249	1	Substitution - Missense
336	c.1007C>T	p.T336I	COSM10609155	1	Substitution - Missense
338	c.1012C>T	p.R338W	COSM5472616	4	Substitution - Missense
338	c.1013G>T	p.R338L	COSM8126027	1	Substitution - Missense
343	c.1029G>A	p.M343I	COSM6896903	1	Substitution - Missense
345	c.1033G>A	p.E345K	COSM7402771	1	Substitution - Missense
346	c.1038G>T	p.G346=	COSM7811340	1	Substitution - coding silent
350	c.1048A>G	p.M350V	COSM1266933	1	Substitution - Missense
353	c.1057C>A	p.H353N	COSM3902368	1	Substitution - Missense
355	c.1064G>T	p.S355I	COSM5768453	1	Substitution - Missense
356	c.1067C>T	p.T356M	COSM2792681	1	Substitution - Missense
356	c.1068G>A	p.T356=	COSM7675165	1	Substitution - coding silent
357	c.1071G>A	p.M357I	COSM752373	1	Substitution - Missense
358	c.1074G>C	p.L358F	COSM1102917	1	Substitution - Missense
370	c.1108G>T	p.E370*	COSM7845619	1	Substitution - Nonsense
370	c.1110G>A	p.E370=	COSM4151956	1	Substitution - coding silent
370	c.1110G>T	p.E370D	COSM8543952	1	Substitution - Missense
371	c.1111G>A	p.D371N	COSM5623298	1	Substitution - Missense
373	c.1117G>T	p.E373*	COSM1735685	1	Substitution - Nonsense
374	c.1120G>T	p.E374*	COSM3942837	1	Substitution - Nonsense
377	c.1129G>A	p.G377R	COSM10151478	1	Substitution - Missense
378	c.1132A>G	p.T378A	COSM4599972	1	Substitution - Missense
378	c.1134T>A	p.T378=	COSM8700328	1	Substitution - coding silent
379	c.1136T>C	p.M379T	COSM7719749	1	Substitution - Missense
388	c.1162G>A	p.V388I	COSM1102915	1	Substitution - Missense
390	c.1170A>T	p.R390S	COSM6791973	1	Substitution - Missense
391	c.1173A>G	p.P391=	COSM1635927	2	Substitution - coding silent
393	c.1179C>T	p.F393=	COSM5554205	1	Substitution - coding silent
407	c.1221C>G	p.H407Q	COSM6216266	1	Substitution - Missense
407	c.1221C>T	p.H407=	COSM4588283	2	Substitution - coding silent
408	c.1222G>A	p.E408K	COSM3835206	1	Substitution - Missense
417	c.1251C>T	p.P417=	COSM4464472	1	Substitution - coding silent
419	c.1257T>C	p.P419=	COSM3902367	1	Substitution - coding silent
421	c.1262C>T	p.S421F	COSM4464675	1	Substitution - Missense
423	c.1268A>G	p.N423S	COSM752374	1	Substitution - Missense
426	c.1276C>T	p.P426S	COSM9370159	1	Substitution - Missense
427	c.1279G>C	p.D427H	COSM7102607	1	Substitution - Missense
427	c.1280A>G	p.D427G	COSM6791974	1	Substitution - Missense
432	c.1294C>T	p.P432S	COSM6869082	2	Substitution - Missense
433	c.1298A>G	p.Q433R	COSM8960265	1	Substitution - Missense
434	c.1300G>A	p.D434N	COSM7267885	1	Substitution - Missense
440	c.1318-1_1318insACTTTGACTTT	p.L440Tfs*5	COSM10886949	1	Insertion - Frameshift
440	c.1320G>A	p.L440=	COSM3902366	1	Substitution - coding silent
442	c.1325del	p.N442Ifs*2	COSM1458840	1	Deletion - Frameshift
445	c.1335A>G	p.L445=	COSM8756791	1	Substitution - coding silent
451	c.1351C>T	p.R451W	COSM5063418	1	Substitution - Missense
451	c.1352G>A	p.R451Q	COSM3902365	2	Substitution - Missense
457	c.1370C>T	p.P457L	COSM10213442	1	Substitution - Missense
460	c.1378G>A	p.E460K	COSM8136017	1	Substitution - Missense
461	c.1382G>A	p.R461Q	COSM1102913	1	Substitution - Missense
461	c.1383G>T	p.R461=	COSM3725236	1	Substitution - coding silent
466	c.1396dup	p.L466Pfs*54	COSM4777830	1	Insertion - Frameshift
466	c.1397T>G	p.L466R	COSM8518580	1	Substitution - Missense
467	c.1399C>T	p.R467C	COSM5761064	4	Substitution - Missense
470	c.1409A>G	p.Y470C	COSM2792673	1	Substitution - Missense
471	c.1411A>G	p.T471A	COSM3902364	1	Substitution - Missense
472	c.1415C>T	p.A472V	COSM1458839	1	Substitution - Missense
472	c.1416G>A	p.A472=	COSM3779449	1	Substitution - coding silent
476	c.1426C>T	p.P476S	COSM9986772	1	Substitution - Missense
476	c.1427C>T	p.P476L	COSM9677497	1	Substitution - Missense
479	c.1435G>C	p.D479H	COSM1314297	1	Substitution - Missense
480	c.1439C>T	p.A480V	COSM1102911	3	Substitution - Missense
480	c.1440G>A	p.A480=	COSM5808573	1	Substitution - coding silent
482	c.1444G>C	p.D482H	COSM9534576	1	Substitution - Missense
482	c.1445A>G	p.D482G	COSM9200365	1	Substitution - Missense
484	c.1450A>G	p.K484E	COSM8849609	1	Substitution - Missense
486	c.1456A>T	p.R486*	COSM10267626	1	Substitution - Nonsense
486	c.1457G>T	p.R486I	COSM10994111	1	Substitution - Missense
487	c.1459del	p.R487Gfs*25	COSM10937628	1	Deletion - Frameshift
487	c.1461G>T	p.R487S	COSM4973315	3	Substitution - Missense
490	c.1468A>C	p.N490H	COSM129474	2	Substitution - Missense
492	c.1475G>T	p.*492Lext*2	COSM8059394	1	Nonstop extension
	c.-100C>T	p.?	COSN30537430	1	Unknown
	c.-78G>T	p.?	COSN30141150	1	Unknown
	c.26+10193C>T	p.?	COSN28012343	1	Unknown
	c.26+11164dup	p.?	COSN28933885	1	Unknown
	c.26+11209G>T	p.?	COSN22669479	1	Unknown
	c.26+11221T>G	p.?	COSN24324447	1	Unknown
	c.26+11425C>T	p.?	COSN16938555	1	Unknown
	c.26+1147T>A	p.?	COSN20744345	1	Unknown
	c.26+11496C>G	p.?	COSN32209050	1	Unknown
	c.26+11557T>C	p.?	COSN17951713	1	Unknown
	c.26+11597T>C	p.?	COSN25535919	1	Unknown
	c.26+12317A>G	p.?	COSN5693176	1	Unknown
	c.26+12596C>G	p.?	COSN22114130	1	Unknown
	c.26+12721C>G	p.?	COSN32939361	1	Unknown
	c.26+12908A>G	p.?	COSN16273220	1	Unknown
	c.26+13113C>T	p.?	COSN20924449	1	Unknown
	c.26+13310A>C	p.?	COSN8579714	1	Unknown
	c.26+13404del	p.?	COSN28909035	1	Unknown
	c.26+13404dup	p.?	COSN29529383	4	Unknown
	c.26+13918del	p.?	COSN27456333	1	Unknown
	c.26+13918dup	p.?	COSN29048137	1	Unknown
	c.26+14669dup	p.?	COSN33943219	2	Unknown
	c.26+15073del	p.?	COSN23252799	1	Unknown
	c.26+15331G>T	p.?	COSN9690499	1	Unknown
	c.26+15450C>T	p.?	COSN8291714	1	Unknown
	c.26+15508C>A	p.?	COSN22614062	1	Unknown
	c.26+15624G>A	p.?	COSN22015786	1	Unknown
	c.26+15806A>G	p.?	COSN2300802	1	Unknown
	c.26+15813_26+15814dup	p.?	COSN27894755	1	Unknown
	c.26+15835T>A	p.?	COSN15687138	1	Unknown
	c.26+16017A>T	p.?	COSN6371711	1	Unknown
	c.26+16234A>G	p.?	COSN8113215	1	Unknown
	c.26+16355G>A	p.?	COSN8113214	1	Unknown
	c.26+16374C>T	p.?	COSN5240491	1	Unknown
	c.26+16498C>T	p.?	COSN18817905	1	Unknown
	c.26+16588C>T	p.?	COSN9690498	1	Unknown
	c.26+17161C>T	p.?	COSN25888607	1	Unknown
	c.26+17534C>G	p.?	COSN29643515	1	Unknown
	c.26+17538G>T	p.?	COSN15787485	1	Unknown
	c.26+17762A>G	p.?	COSN24919156	1	Unknown
	c.26+17789A>G	p.?	COSN26388314	1	Unknown
	c.26+1825A>G	p.?	COSN32464159	1	Unknown
	c.26+18418A>G	p.?	COSN22058026	1	Unknown
	c.26+18542G>A	p.?	COSN9461248	1	Unknown
	c.26+18586G>A	p.?	COSN22098000	1	Unknown
	c.26+18737T>G	p.?	COSN16205271	1	Unknown
	c.26+18859C>G	p.?	COSN32593009	1	Unknown
	c.26+19067A>G	p.?	COSN2300801	1	Unknown
	c.26+19217del	p.?	COSN27581735	1	Unknown
	c.26+19457G>A	p.?	COSN9273411	1	Unknown
	c.26+19851C>T	p.?	COSN16501546	1	Unknown
	c.26+19951T>G	p.?	COSN8113213	1	Unknown
	c.26+19953T>C	p.?	COSN21307263	1	Unknown
	c.26+1998G>A	p.?	COSN33432587	1	Unknown
	c.26+20069C>G	p.?	COSN24893512	1	Unknown
	c.26+20331C>T	p.?	COSN22753439	1	Unknown
	c.26+20706C>A	p.?	COSN30014218	1	Unknown
	c.26+21603T>A	p.?	COSN20570682	1	Unknown
	c.26+21770G>A	p.?	COSN30374862	1	Unknown
	c.26+21823T>G	p.?	COSN21819568	1	Unknown
	c.26+21878G>T	p.?	COSN33296444	1	Unknown
	c.26+21902T>C	p.?	COSN9690497	1	Unknown
	c.26+22462C>G	p.?	COSN27537673	1	Unknown
	c.26+22595C>A	p.?	COSN29360978	1	Unknown
	c.26+22761A>G	p.?	COSN2300800	1	Unknown
	c.26+22866T>C	p.?	COSN17042291	1	Unknown
	c.26+228G>C	p.?	COSN9690510	1	Unknown
	c.26+23057T>C	p.?	COSN24716044	1	Unknown
	c.26+23244C>A	p.?	COSN22927812	1	Unknown
	c.26+23429G>C	p.?	COSN21978683	1	Unknown
	c.26+23600G>T	p.?	COSN4884625	1	Unknown
	c.26+23727T>C	p.?	COSN32323758	1	Unknown
	c.26+23859C>T	p.?	COSN24420805	1	Unknown
	c.26+23893T>C	p.?	COSN28034957	1	Unknown
	c.26+23906A>G	p.?	COSN23568032	1	Unknown
	c.26+24431G>T	p.?	COSN9690496	1	Unknown
	c.26+2464C>G	p.?	COSN23599551	1	Unknown
	c.26+24651dup	p.?	COSN22897713	1	Unknown
	c.26+24_26+26del	p.?	COSN1370441	1	Unknown
	c.26+2505T>C	p.?	COSN17084105	1	Unknown
	c.26+25282T>G	p.?	COSN28362693	1	Unknown
	c.26+2631A>C	p.?	COSN17440621	1	Unknown
	c.26+2660C>T	p.?	COSN26831136	1	Unknown
	c.26+3028A>C	p.?	COSN5693178	1	Unknown
	c.26+3140T>C	p.?	COSN25154545	1	Unknown
	c.26+3213A>G	p.?	COSN2300805	1	Unknown
	c.26+3436A>G	p.?	COSN27066916	1	Unknown
	c.26+3446_26+3447dup	p.?	COSN18925786	1	Unknown
	c.26+3448A>G	p.?	COSN19294520	1	Unknown
	c.26+3587C>T	p.?	COSN23539648	1	Unknown
	c.26+3697A>G	p.?	COSN9690509	1	Unknown
	c.26+38C>A	p.?	COSN31856007	1	Unknown
	c.26+4014del	p.?	COSN32768361	1	Unknown
	c.26+4062C>T	p.?	COSN22035155	1	Unknown
	c.26+4183C>T	p.?	COSN32680495	1	Unknown
	c.26+4356T>C	p.?	COSN8291715	1	Unknown
	c.26+4408C>T	p.?	COSN9690508	1	Unknown
	c.26+4737G>T	p.?	COSN22670215	1	Unknown
	c.26+4895G>C	p.?	COSN32928319	1	Unknown
	c.26+4908C>G	p.?	COSN5693177	1	Unknown
	c.26+5140T>A	p.?	COSN9690507	1	Unknown
	c.26+5214G>T	p.?	COSN9690506	1	Unknown
	c.26+5595A>G	p.?	COSN21102979	1	Unknown
	c.26+562C>A	p.?	COSN16479113	1	Unknown
	c.26+6024T>G	p.?	COSN22021422	1	Unknown
	c.26+6046G>A	p.?	COSN19048678	1	Unknown
	c.26+6225del	p.?	COSN27305244	2	Unknown
	c.26+6778del	p.?	COSN33992837	1	Unknown
	c.26+6861G>A	p.?	COSN9690505	1	Unknown
	c.26+7043T>A	p.?	COSN9690504	1	Unknown
	c.26+7168T>C	p.?	COSN9690503	2	Unknown
	c.26+784A>G	p.?	COSN8354702	1	Unknown
	c.26+8129C>G	p.?	COSN9690502	1	Unknown
	c.26+8277C>A	p.?	COSN9690501	1	Unknown
	c.26+8479A>G	p.?	COSN2300803	1	Unknown
	c.26+847G>C	p.?	COSN8291716	1	Unknown
	c.26+8699C>G	p.?	COSN21915915	1	Unknown
	c.26+9085C>T	p.?	COSN9273412	1	Unknown
	c.26+9103C>G	p.?	COSN22099477	1	Unknown
	c.26+9479G>A	p.?	COSN21188120	1	Unknown
	c.26+9529_26+9530del	p.?	COSN19585430	4	Unknown
	c.26+9529_26+9530dup	p.?	COSN27932667	2	Unknown
	c.26+9529_26+9530insTA	p.?	COSN23226570	1	Unknown
	c.26+9621T>C	p.?	COSN8113216	1	Unknown
	c.26+9839C>T	p.?	COSN24675608	1	Unknown
	c.26+9982G>C	p.?	COSN23717183	1	Unknown
	c.27-10083C>T	p.?	COSN8113209	1	Unknown
	c.27-10276C>G	p.?	COSN22260945	1	Unknown
	c.27-10389C>T	p.?	COSN21554268	1	Unknown
	c.27-10554G>C	p.?	COSN33152578	1	Unknown
	c.27-11397T>C	p.?	COSN8113210	2	Unknown
	c.27-11631C>T	p.?	COSN22759540	1	Unknown
	c.27-11986T>G	p.?	COSN4943211	2	Unknown
	c.27-12048T>C	p.?	COSN22200262	1	Unknown
	c.27-12134C>A	p.?	COSN21902012	1	Unknown
	c.27-12269C>T	p.?	COSN5693175	1	Unknown
	c.27-13154T>A	p.?	COSN5117015	1	Unknown
	c.27-13421G>T	p.?	COSN28254533	9	Unknown
	c.27-1342T>G	p.?	COSN8291711	1	Unknown
	c.27-13572A>T	p.?	COSN30294517	1	Unknown
	c.27-13647T>G	p.?	COSN24713533	1	Unknown
	c.27-13822G>T	p.?	COSN24369237	1	Unknown
	c.27-13990A>G	p.?	COSN5117016	1	Unknown
	c.27-14254G>T	p.?	COSN20760117	2	Unknown
	c.27-14255T>A	p.?	COSN20758853	2	Unknown
	c.27-14462A>T	p.?	COSN22355759	1	Unknown
	c.27-14575_27-14574insTGATCTTGGTTATTTC	p.?	COSN22884116	1	Unknown
	c.27-1468C>A	p.?	COSN22718266	1	Unknown
	c.27-14900G>C	p.?	COSN16116375	1	Unknown
	c.27-1490T>C	p.?	COSN23275093	1	Unknown
	c.27-14995T>C	p.?	COSN4924494	1	Unknown
	c.27-15036A>G	p.?	COSN9690493	2	Unknown
	c.27-15192T>C	p.?	COSN25957095	1	Unknown
	c.27-15322G>A	p.?	COSN2300797	1	Unknown
	c.27-15521A>C	p.?	COSN19306685	1	Unknown
	c.27-15725T>G	p.?	COSN33303348	1	Unknown
	c.27-15967G>T	p.?	COSN25399945	1	Unknown
	c.27-1604G>T	p.?	COSN16944326	1	Unknown
	c.27-16120C>T	p.?	COSN20746610	1	Unknown
	c.27-16164G>T	p.?	COSN24474554	1	Unknown
	c.27-16895C>G	p.?	COSN22273364	1	Unknown
	c.27-17268G>A	p.?	COSN5240489	2	Unknown
	c.27-17307G>C	p.?	COSN32048125	1	Unknown
	c.27-17333C>A	p.?	COSN23607894	1	Unknown
	c.27-17471G>T	p.?	COSN33278842	1	Unknown
	c.27-17823C>T	p.?	COSN20791658	1	Unknown
	c.27-17866G>A	p.?	COSN26186847	1	Unknown
	c.27-18146T>C	p.?	COSN24475599	1	Unknown
	c.27-18390G>A	p.?	COSN16223555	1	Unknown
	c.27-18459C>T	p.?	COSN22502275	1	Unknown
	c.27-19154C>G	p.?	COSN33278843	1	Unknown
	c.27-19319C>G	p.?	COSN16972455	1	Unknown
	c.27-19512T>G	p.?	COSN26106087	1	Unknown
	c.27-19581G>A	p.?	COSN8113211	1	Unknown
	c.27-19801C>G	p.?	COSN9690494	1	Unknown
	c.27-19825C>A	p.?	COSN9461247	1	Unknown
	c.27-19842A>G	p.?	COSN22913736	1	Unknown
	c.27-20205G>A	p.?	COSN24913313	1	Unknown
	c.27-20290_27-20286del	p.?	COSN18776837	1	Unknown
	c.27-2058G>A	p.?	COSN9690489	1	Unknown
	c.27-20629T>G	p.?	COSN32457036	1	Unknown
	c.27-20694A>G	p.?	COSN26926496	2	Unknown
	c.27-2076C>T	p.?	COSN23272663	1	Unknown
	c.27-20799T>G	p.?	COSN30391490	1	Unknown
	c.27-20918G>C	p.?	COSN2300798	1	Unknown
	c.27-20937C>T	p.?	COSN21974774	1	Unknown
	c.27-20989_27-20988insCGTATTGTAT	p.?	COSN20190939	2	Unknown
	c.27-20998T>C	p.?	COSN24783331	3	Unknown
	c.27-21549T>A	p.?	COSN22617688	1	Unknown
	c.27-21658A>T	p.?	COSN6371709	1	Unknown
	c.27-21787C>A	p.?	COSN23144378	1	Unknown
	c.27-21833_27-21832del	p.?	COSN23742963	1	Unknown
	c.27-22127C>T	p.?	COSN23810407	1	Unknown
	c.27-22500A>G	p.?	COSN2300799	1	Unknown
	c.27-22693A>C	p.?	COSN15132546	1	Unknown
	c.27-22762A>G	p.?	COSN20522985	1	Unknown
	c.27-22773A>C	p.?	COSN27741058	1	Unknown
	c.27-23198_27-23197del	p.?	COSN22834450	1	Unknown
	c.27-23275T>G	p.?	COSN20344245	1	Unknown
	c.27-23276G>A	p.?	COSN20337687	1	Unknown
	c.27-23279C>T	p.?	COSN32209049	1	Unknown
	c.27-23413G>A	p.?	COSN26397916	1	Unknown
	c.27-23448T>A	p.?	COSN27743198	1	Unknown
	c.27-23470G>C	p.?	COSN22599216	2	Unknown
	c.27-23808G>A	p.?	COSN6371710	1	Unknown
	c.27-24053T>G	p.?	COSN25421729	1	Unknown
	c.27-24707G>C	p.?	COSN21402968	2	Unknown
	c.27-24761dup	p.?	COSN32651842	1	Unknown
	c.27-24811T>C	p.?	COSN1370440	1	Unknown
	c.27-2486A>G	p.?	COSN24960872	1	Unknown
	c.27-25335G>C	p.?	COSN9690495	2	Unknown
	c.27-3041G>A	p.?	COSN2300791	1	Unknown
	c.27-3212C>T	p.?	COSN2300792	2	Unknown
	c.27-3297A>G	p.?	COSN15310958	1	Unknown
	c.27-3C>A	p.?	COSM6262640	1	Unknown
	c.27-4071C>T	p.?	COSN30240519	1	Unknown
	c.27-441G>T	p.?	COSN9690488	1	Unknown
	c.27-4515del	p.?	COSN22868793	1	Unknown
	c.27-4606A>G	p.?	COSN29794638	1	Unknown
	c.27-4873G>A	p.?	COSN26467497	1	Unknown
	c.27-5059_27-5056del	p.?	COSN24833967	1	Unknown
	c.27-5108A>G	p.?	COSN30288060	1	Unknown
	c.27-5269A>G	p.?	COSN22206135	1	Unknown
	c.27-5478A>G	p.?	COSN2300793	1	Unknown
	c.27-5771T>C	p.?	COSN17666586	1	Unknown
	c.27-5930A>G	p.?	COSN2300794	1	Unknown
	c.27-5983G>T	p.?	COSN8291712	1	Unknown
	c.27-6015C>T	p.?	COSN24222390	1	Unknown
	c.27-6025T>C	p.?	COSN9273408	1	Unknown
	c.27-6234A>G	p.?	COSN16760492	1	Unknown
	c.27-628G>A	p.?	COSN16742112	2	Unknown
	c.27-6901G>T	p.?	COSN21014047	1	Unknown
	c.27-6908C>T	p.?	COSN23765940	1	Unknown
	c.27-6953C>T	p.?	COSN9273409	1	Unknown
	c.27-6989A>T	p.?	COSN8113207	1	Unknown
	c.27-7538A>C	p.?	COSN2300795	1	Unknown
	c.27-7836T>A	p.?	COSN27516583	1	Unknown
	c.27-7893del	p.?	COSN2300796	11	Unknown
	c.27-7911C>T	p.?	COSN25594651	1	Unknown
	c.27-7915A>T	p.?	COSN25596250	1	Unknown
	c.27-7993A>G	p.?	COSN33432586	1	Unknown
	c.27-8341G>C	p.?	COSN22413886	1	Unknown
	c.27-8342C>T	p.?	COSN22432450	1	Unknown
	c.27-8445T>G	p.?	COSN9273410	1	Unknown
	c.27-8495C>T	p.?	COSN8291713	1	Unknown
	c.27-8614T>C	p.?	COSN28402937	1	Unknown
	c.27-8637G>A	p.?	COSN15589255	1	Unknown
	c.27-8833G>C	p.?	COSN20632769	1	Unknown
	c.27-8851A>T	p.?	COSN32116025	1	Unknown
	c.27-9009C>A	p.?	COSN9690490	1	Unknown
	c.27-9041A>C	p.?	COSN9690491	2	Unknown
	c.27-9084G>T	p.?	COSN26154681	1	Unknown
	c.27-9299A>C	p.?	COSN20719354	1	Unknown
	c.27-9447A>G	p.?	COSN8113208	1	Unknown
	c.27-955A>T	p.?	COSN21966088	1	Unknown
	c.27-9850G>A	p.?	COSN27692950	1	Unknown
	c.27-9971C>A	p.?	COSN9690492	3	Unknown
	c.107+1419C>G	p.?	COSN16331325	1	Unknown
	c.107+1567C>G	p.?	COSN9690487	1	Unknown
	c.107+1803T>A	p.?	COSN21011801	1	Unknown
	c.107+2121C>T	p.?	COSN6371708	1	Unknown
	c.107+212_107+213del	p.?	COSN29537531	2	Unknown
	c.107+2793G>A	p.?	COSN17858503	1	Unknown
	c.107+27T>C	p.?	COSN30663212	1	Unknown
	c.107+3156C>A	p.?	COSN24725421	1	Unknown
	c.107+3228C>G	p.?	COSN25039902	1	Unknown
	c.107+3374A>T	p.?	COSN26544028	1	Unknown
	c.107+3404G>A	p.?	COSN9273407	1	Unknown
	c.107+3546T>A	p.?	COSN22043512	1	Unknown
	c.107+386T>A	p.?	COSN2300789	2	Unknown
	c.107+715C>T	p.?	COSN33432585	1	Unknown
	c.107+849C>T	p.?	COSN22243542	1	Unknown
	c.107+93A>G	p.?	COSN8113206	1	Unknown
	c.107+968A>G	p.?	COSN15092981	1	Unknown
	c.108-1070G>C	p.?	COSN24586359	1	Unknown
	c.108-1755T>G	p.?	COSN27701459	1	Unknown
	c.108-1888G>A	p.?	COSN4884624	1	Unknown
	c.108-2115A>G	p.?	COSN5693172	1	Unknown
	c.108-236A>C	p.?	COSN21114443	1	Unknown
	c.108-2399T>C	p.?	COSN6371707	1	Unknown
	c.108-3027C>T	p.?	COSN26326004	1	Unknown
	c.108-3268A>T	p.?	COSN21334128	1	Unknown
	c.108-3326T>C	p.?	COSN26861348	2	Unknown
	c.108-3374A>G	p.?	COSN26357015	1	Unknown
	c.108-3443C>G	p.?	COSN2300788	1	Unknown
	c.108-3463A>T	p.?	COSN15369945	1	Unknown
	c.108-3481A>T	p.?	COSN22073253	1	Unknown
	c.108-3563dup	p.?	COSN29738326	1	Unknown
	c.108-3634C>A	p.?	COSN32209048	1	Unknown
	c.108-502G>T	p.?	COSN25613228	1	Unknown
	c.108-637G>C	p.?	COSN32116024	1	Unknown
	c.108-7C>T	p.?	COSM5912869	1	Unknown
	c.108-8T>G	p.?	COSM7294688	1	Unknown
	c.236+1117G>C	p.?	COSN21936231	1	Unknown
	c.236+1149G>A	p.?	COSN32480235	1	Unknown
	c.236+121dup	p.?	COSN32757912	1	Unknown
	c.236+1240A>G	p.?	COSN2300786	2	Unknown
	c.236+1473A>T	p.?	COSN9273405	1	Unknown
	c.236+1840G>A	p.?	COSN17717546	1	Unknown
	c.236+1876C>G	p.?	COSN9690486	1	Unknown
	c.236+2151G>A	p.?	COSN27752052	1	Unknown
	c.236+2490G>T	p.?	COSN20290246	1	Unknown
	c.236+295G>C	p.?	COSN5693171	1	Unknown
	c.236+2970A>G	p.?	COSN6371706	1	Unknown
	c.236+3196C>G	p.?	COSN8113205	2	Unknown
	c.236+3212T>C	p.?	COSN137000	1	Unknown
	c.236+3366C>G	p.?	COSN25351754	1	Unknown
	c.236+3568dup	p.?	COSN29648693	2	Unknown
	c.236+3569G>A	p.?	COSN33242448	1	Unknown
	c.236+3598G>T	p.?	COSN26354171	1	Unknown
	c.236+3685A>G	p.?	COSN5693169	1	Unknown
	c.236+388C>A	p.?	COSN19374818	1	Unknown
	c.236+3A>G	p.?	COSM3663958	2	Unknown
	c.236+4105A>G	p.?	COSN21742865	1	Unknown
	c.236+4132A>G	p.?	COSN23414798	1	Unknown
	c.236+4411C>G	p.?	COSN21145767	1	Unknown
	c.236+4539T>C	p.?	COSN20695762	1	Unknown
	c.236+4831G>A	p.?	COSN6602268	2	Unknown
	c.236+5180G>A	p.?	COSN32209046	1	Unknown
	c.236+5344A>G	p.?	COSN8113203	1	Unknown
	c.236+5368T>G	p.?	COSN26848282	1	Unknown
	c.236+5416_236+5417insGAAT	p.?	COSN27023227	1	Unknown
	c.236+5417_236+5420dup	p.?	COSN27412502	1	Unknown
	c.236+583C>T	p.?	COSN32209047	1	Unknown
	c.236+5900del	p.?	COSN22887766	1	Unknown
	c.236+5963T>C	p.?	COSN8113202	1	Unknown
	c.236+6094C>T	p.?	COSN18009418	1	Unknown
	c.236+6116del	p.?	COSN18925784	2	Unknown
	c.236+655A>G	p.?	COSN22751234	1	Unknown
	c.236+6726T>C	p.?	COSN1370438	1	Unknown
	c.236+6935A>G	p.?	COSN21293558	1	Unknown
	c.236+6937dup	p.?	COSN22812243	1	Unknown
	c.236+6943C>T	p.?	COSN16953761	1	Unknown
	c.236+6967del	p.?	COSN23074060	1	Unknown
	c.236+6A>G	p.?	COSM3663957	2	Unknown
	c.236+7075C>T	p.?	COSN2300784	1	Unknown
	c.236+7330_236+7331delinsAT	p.?	COSN33432584	1	Unknown
	c.236+7393T>G	p.?	COSN32947090	1	Unknown
	c.236+7401C>T	p.?	COSN5117014	1	Unknown
	c.236+7526T>C	p.?	COSN16116199	1	Unknown
	c.236+7656T>G	p.?	COSN32564367	1	Unknown
	c.236+76T>C	p.?	COSN21133273	1	Unknown
	c.236+7802G>A	p.?	COSN6371705	1	Unknown
	c.236+7881G>A	p.?	COSN2300783	3	Unknown
	c.236+912A>G	p.?	COSN32564368	1	Unknown
	c.236+943A>G	p.?	COSN2300787	1	Unknown
	c.236+989C>A	p.?	COSN20786593	1	Unknown
	c.237-1036T>G	p.?	COSN20383243	1	Unknown
	c.237-1072dup	p.?	COSN27521531	1	Unknown
	c.237-1168G>A	p.?	COSN8113200	1	Unknown
	c.237-1317T>C	p.?	COSN21123900	1	Unknown
	c.237-1380C>A	p.?	COSN8113201	1	Unknown
	c.237-17del	p.?	COSN32789779	1	Unknown
	c.237-1948A>G	p.?	COSN24722784	1	Unknown
	c.237-2004T>A	p.?	COSN29160026	1	Unknown
	c.237-2189G>C	p.?	COSN23850847	1	Unknown
	c.237-2739G>A	p.?	COSN20827929	1	Unknown
	c.237-2927A>G	p.?	COSN29889426	1	Unknown
	c.237-3366dup	p.?	COSN29515017	6	Unknown
	c.237-3714T>G	p.?	COSN20676606	1	Unknown
	c.237-379C>T	p.?	COSN28925319	1	Unknown
	c.237-3935G>T	p.?	COSN1370436	1	Unknown
	c.237-4065G>A	p.?	COSN28204943	1	Unknown
	c.237-40G>T	p.?	COSN25881249	1	Unknown
	c.237-4220A>C	p.?	COSN24792825	1	Unknown
	c.237-4440G>A	p.?	COSN23629144	1	Unknown
	c.237-45C>A	p.?	COSN5117011	2	Unknown
	c.237-4665A>T	p.?	COSN2300779	2	Unknown
	c.237-4868del	p.?	COSN27501150	2	Unknown
	c.237-4868dup	p.?	COSN27373879	2	Unknown
	c.237-5044A>G	p.?	COSN5814112	1	Unknown
	c.237-5080C>G	p.?	COSN15058474	1	Unknown
	c.237-5100del	p.?	COSN1370437	3	Unknown
	c.237-5100dup	p.?	COSN27226213	3	Unknown
	c.237-5110T>G	p.?	COSN22645311	1	Unknown
	c.237-5111T>A	p.?	COSN22168902	1	Unknown
	c.237-51A>T	p.?	COSN26438590	1	Unknown
	c.237-5360A>T	p.?	COSN6371703	1	Unknown
	c.237-542C>G	p.?	COSN33432582	1	Unknown
	c.237-5468A>G	p.?	COSN2300780	1	Unknown
	c.237-547C>T	p.?	COSN33432583	1	Unknown
	c.237-5527del	p.?	COSN19539086	1	Unknown
	c.237-563A>G	p.?	COSN26174025	1	Unknown
	c.237-5648A>T	p.?	COSN25279584	1	Unknown
	c.237-5665G>T	p.?	COSN23090196	1	Unknown
	c.237-5774G>A	p.?	COSN32564366	1	Unknown
	c.237-5872C>T	p.?	COSN33881447	1	Unknown
	c.237-5926A>C	p.?	COSN21726480	1	Unknown
	c.237-5998C>G	p.?	COSN2300781	1	Unknown
	c.237-6262A>T	p.?	COSN19115944	1	Unknown
	c.237-6438G>A	p.?	COSN23083245	1	Unknown
	c.237-6672C>G	p.?	COSN2300782	1	Unknown
	c.237-6989C>T	p.?	COSN19027605	1	Unknown
	c.237-7053C>T	p.?	COSN19027632	1	Unknown
	c.237-7284A>G	p.?	COSN19043182	1	Unknown
	c.237-7485_237-7484insT	p.?	COSN19027682	1	Unknown
	c.237-7819G>A	p.?	COSN23821560	1	Unknown
	c.237-7940C>T	p.?	COSN19425640	1	Unknown
	c.237-8130C>T	p.?	COSN27794659	2	Unknown
	c.237-8323A>G	p.?	COSN6371704	1	Unknown
	c.237-8457T>C	p.?	COSN9690485	1	Unknown
	c.237-8676C>T	p.?	COSN27151717	1	Unknown
	c.237-8732T>G	p.?	COSN15835634	1	Unknown
	c.237-894T>C	p.?	COSN6371702	1	Unknown
	c.351+10233C>A	p.?	COSN8291707	1	Unknown
	c.351+10294G>A	p.?	COSN16035045	1	Unknown
	c.351+10310G>A	p.?	COSN32457035	1	Unknown
	c.351+10388C>A	p.?	COSN20842515	1	Unknown
	c.351+1050A>G	p.?	COSN19142260	1	Unknown
	c.351+10511A>C	p.?	COSN22542490	1	Unknown
	c.351+10676C>T	p.?	COSN8113197	1	Unknown
	c.351+10714T>A	p.?	COSN29847636	1	Unknown
	c.351+11010T>C	p.?	COSN16245128	1	Unknown
	c.351+11174A>G	p.?	COSN15768070	1	Unknown
	c.351+11213C>T	p.?	COSN19594183	1	Unknown
	c.351+11320A>G	p.?	COSN5240487	2	Unknown
	c.351+11700del	p.?	COSN22873303	1	Unknown
	c.351+11922_351+11924del	p.?	COSN23395896	1	Unknown
	c.351+12148T>C	p.?	COSN25693049	1	Unknown
	c.351+12506C>A	p.?	COSN5693165	1	Unknown
	c.351+1271del	p.?	COSN33432581	1	Unknown
	c.351+12947A>C	p.?	COSN20373720	1	Unknown
	c.351+13825T>A	p.?	COSN20918624	1	Unknown
	c.351+13A>C	p.?	COSN19708419	1	Unknown
	c.351+14564C>T	p.?	COSN17696703	2	Unknown
	c.351+14566G>A	p.?	COSN22638589	1	Unknown
	c.351+15271T>C	p.?	COSN29230638	1	Unknown
	c.351+15330A>G	p.?	COSN24505413	1	Unknown
	c.351+15900C>T	p.?	COSN17738676	1	Unknown
	c.351+16092T>G	p.?	COSN26250453	1	Unknown
	c.351+16421A>G	p.?	COSN2300777	1	Unknown
	c.351+16457A>T	p.?	COSN8113196	1	Unknown
	c.351+16493T>C	p.?	COSN28314697	1	Unknown
	c.351+16542T>G	p.?	COSN27252374	1	Unknown
	c.351+1689A>G	p.?	COSN6371701	1	Unknown
	c.351+16917G>A	p.?	COSN2300776	1	Unknown
	c.351+17111C>T	p.?	COSN30387785	1	Unknown
	c.351+17112G>A	p.?	COSN32457034	1	Unknown
	c.351+17252A>G	p.?	COSN21802436	1	Unknown
	c.351+17376G>C	p.?	COSN9690482	1	Unknown
	c.351+17879dup	p.?	COSN26350322	1	Unknown
	c.351+18057G>A	p.?	COSN25541483	1	Unknown
	c.351+18098G>A	p.?	COSN20264218	1	Unknown
	c.351+1819C>T	p.?	COSN32663952	1	Unknown
	c.351+18233G>A	p.?	COSN22105576	1	Unknown
	c.351+18538T>G	p.?	COSN28041913	1	Unknown
	c.351+18748C>T	p.?	COSN17286094	1	Unknown
	c.351+18755G>T	p.?	COSN21928672	1	Unknown
	c.351+19034G>T	p.?	COSN20957764	2	Unknown
	c.351+19364G>T	p.?	COSN27854706	1	Unknown
	c.351+19850T>C	p.?	COSN6371700	1	Unknown
	c.351+19860C>T	p.?	COSN21416210	1	Unknown
	c.351+20445A>G	p.?	COSN9690481	1	Unknown
	c.351+20506_351+20507insATAA	p.?	COSN30439071	1	Unknown
	c.351+20518T>G	p.?	COSN28443701	1	Unknown
	c.351+20773_351+20774del	p.?	COSN27882315	1	Unknown
	c.351+20896A>G	p.?	COSN6371699	1	Unknown
	c.351+2138C>T	p.?	COSN18817904	1	Unknown
	c.351+2168C>T	p.?	COSN31856677	2	Unknown
	c.351+2333T>A	p.?	COSN22512838	1	Unknown
	c.351+2719C>T	p.?	COSN23845896	1	Unknown
	c.351+3014C>T	p.?	COSN17390842	1	Unknown
	c.351+3730A>G	p.?	COSN17663215	1	Unknown
	c.351+3799T>A	p.?	COSN14970124	1	Unknown
	c.351+4281C>T	p.?	COSN21959416	1	Unknown
	c.351+4336A>C	p.?	COSN8113199	1	Unknown
	c.351+4363T>G	p.?	COSN27632489	1	Unknown
	c.351+437C>A	p.?	COSN19352684	1	Unknown
	c.351+4536T>A	p.?	COSN8291708	2	Unknown
	c.351+4757C>A	p.?	COSN21523523	2	Unknown
	c.351+4815G>A	p.?	COSN25738239	1	Unknown
	c.351+48A>G	p.?	COSN26331735	1	Unknown
	c.351+529T>C	p.?	COSN21070211	1	Unknown
	c.351+5300C>T	p.?	COSN27860742	1	Unknown
	c.351+5366T>G	p.?	COSN8113198	1	Unknown
	c.351+5703G>A	p.?	COSN26040658	1	Unknown
	c.351+6030C>T	p.?	COSN23913885	1	Unknown
	c.351+6039C>T	p.?	COSN15023721	1	Unknown
	c.351+6064G>A	p.?	COSN28524403	1	Unknown
	c.351+6069G>A	p.?	COSN33268452	1	Unknown
	c.351+6359C>G	p.?	COSN21023925	1	Unknown
	c.351+6597C>T	p.?	COSN9690483	1	Unknown
	c.351+672del	p.?	COSN2300778	1	Unknown
	c.351+7107G>A	p.?	COSN24797427	1	Unknown
	c.351+7114T>C	p.?	COSN24789714	1	Unknown
	c.351+7228C>T	p.?	COSN22761317	1	Unknown
	c.351+7498C>T	p.?	COSN22130985	1	Unknown
	c.351+7521G>C	p.?	COSN16140290	1	Unknown
	c.351+7787T>C	p.?	COSN26213889	1	Unknown
	c.351+807T>G	p.?	COSN21764627	1	Unknown
	c.351+8207T>G	p.?	COSN29572659	1	Unknown
	c.351+8346C>A	p.?	COSN24606031	1	Unknown
	c.351+847T>C	p.?	COSN26384842	1	Unknown
	c.351+8771C>T	p.?	COSN30408592	1	Unknown
	c.351+9031C>T	p.?	COSN28549206	1	Unknown
	c.351+9311G>A	p.?	COSN23917155	2	Unknown
	c.351+9440C>T	p.?	COSN24358560	1	Unknown
	c.351+9518C>T	p.?	COSN24360108	1	Unknown
	c.351+9564G>A	p.?	COSN23888708	1	Unknown
	c.351+9634C>G	p.?	COSN20285325	3	Unknown
	c.351+9643G>A	p.?	COSN24416835	1	Unknown
	c.351+9707C>A	p.?	COSN33788822	1	Unknown
	c.352-10076C>A	p.?	COSN21119699	1	Unknown
	c.352-10388A>C	p.?	COSN15220220	1	Unknown
	c.352-103C>A	p.?	COSN8113187	1	Unknown
	c.352-10450G>C	p.?	COSN9461245	1	Unknown
	c.352-105A>C	p.?	COSN17987414	3	Unknown
	c.352-10660G>T	p.?	COSN22592281	1	Unknown
	c.352-11170C>G	p.?	COSN33432579	1	Unknown
	c.352-11389C>T	p.?	COSN8113192	1	Unknown
	c.352-11442C>G	p.?	COSN9273404	1	Unknown
	c.352-11665G>A	p.?	COSN15039622	1	Unknown
	c.352-12349G>T	p.?	COSN29543285	1	Unknown
	c.352-12584A>G	p.?	COSN24618097	1	Unknown
	c.352-12992T>A	p.?	COSN17823584	1	Unknown
	c.352-1321G>T	p.?	COSN26399659	1	Unknown
	c.352-13316T>A	p.?	COSN15918100	1	Unknown
	c.352-13459C>T	p.?	COSN24745199	1	Unknown
	c.352-13636A>T	p.?	COSN9690479	1	Unknown
	c.352-13747T>C	p.?	COSN27085004	1	Unknown
	c.352-14816C>T	p.?	COSN21289456	1	Unknown
	c.352-15018G>A	p.?	COSN20937742	1	Unknown
	c.352-15348G>C	p.?	COSN2300774	1	Unknown
	c.352-15470C>A	p.?	COSN30723629	1	Unknown
	c.352-15490T>C	p.?	COSN32869387	1	Unknown
	c.352-15506A>G	p.?	COSN1370433	2	Unknown
	c.352-15518G>A	p.?	COSN32053697	1	Unknown
	c.352-15524C>A	p.?	COSN29468706	1	Unknown
	c.352-15592C>T	p.?	COSN32067968	1	Unknown
	c.352-15612G>A	p.?	COSN26997254	1	Unknown
	c.352-15666G>T	p.?	COSN26583917	1	Unknown
	c.352-15681A>G	p.?	COSN18719875	1	Unknown
	c.352-15751A>G	p.?	COSN20974947	1	Unknown
	c.352-16096T>G	p.?	COSN21098071	1	Unknown
	c.352-16170G>C	p.?	COSN26880792	2	Unknown
	c.352-16293C>T	p.?	COSN24453295	1	Unknown
	c.352-16619T>C	p.?	COSN6371696	1	Unknown
	c.352-16968G>A	p.?	COSN9690480	1	Unknown
	c.352-17066T>A	p.?	COSN1370434	1	Unknown
	c.352-17313T>G	p.?	COSN8113194	1	Unknown
	c.352-17322C>T	p.?	COSN2300775	1	Unknown
	c.352-17376C>A	p.?	COSN25329421	1	Unknown
	c.352-17641G>A	p.?	COSN32618590	1	Unknown
	c.352-17910T>C	p.?	COSN6371697	1	Unknown
	c.352-18262G>A	p.?	COSN17478303	1	Unknown
	c.352-18470G>A	p.?	COSN32323757	1	Unknown
	c.352-18566T>A	p.?	COSN29207391	1	Unknown
	c.352-18641A>T	p.?	COSN32224904	4	Unknown
	c.352-186C>A	p.?	COSN6371693	1	Unknown
	c.352-18734T>C	p.?	COSN5693163	1	Unknown
	c.352-1895T>A	p.?	COSN8291706	1	Unknown
	c.352-18988_352-18987insATC	p.?	COSN22834353	1	Unknown
	c.352-1901T>C	p.?	COSN2300770	1	Unknown
	c.352-19037C>A	p.?	COSN28916139	1	Unknown
	c.352-19362T>C	p.?	COSN22183826	1	Unknown
	c.352-19366_352-19352del	p.?	COSN22854998	1	Unknown
	c.352-19488T>G	p.?	COSN29631312	1	Unknown
	c.352-19508_352-19506del	p.?	COSN20228060	1	Unknown
	c.352-19509G>C	p.?	COSN22477266	1	Unknown
	c.352-2001C>G	p.?	COSN21597321	1	Unknown
	c.352-20041C>T	p.?	COSN21704358	1	Unknown
	c.352-20151C>G	p.?	COSN20193350	2	Unknown
	c.352-20405_352-20404del	p.?	COSN25280737	1	Unknown
	c.352-20869G>T	p.?	COSN19449783	1	Unknown
	c.352-2523A>G	p.?	COSN2300771	1	Unknown
	c.352-2626T>A	p.?	COSN15998483	1	Unknown
	c.352-2731T>G	p.?	COSN26136182	1	Unknown
	c.352-2769A>T	p.?	COSN23861814	1	Unknown
	c.352-2785C>T	p.?	COSN4943208	2	Unknown
	c.352-3210G>T	p.?	COSN9690477	1	Unknown
	c.352-3295G>T	p.?	COSN29963348	1	Unknown
	c.352-3535C>G	p.?	COSN25151229	1	Unknown
	c.352-3579T>G	p.?	COSN8113188	1	Unknown
	c.352-3745G>T	p.?	COSN21182458	1	Unknown
	c.352-3894C>A	p.?	COSN27679774	1	Unknown
	c.352-3946G>T	p.?	COSN22280050	1	Unknown
	c.352-4073dup	p.?	COSN29615352	1	Unknown
	c.352-4287C>G	p.?	COSN20936351	1	Unknown
	c.352-4372C>G	p.?	COSN21661375	1	Unknown
	c.352-4439G>C	p.?	COSN8113189	1	Unknown
	c.352-4473G>A	p.?	COSN27652931	1	Unknown
	c.352-4522G>C	p.?	COSN9690478	1	Unknown
	c.352-4525T>C	p.?	COSN6371694	1	Unknown
	c.352-4777C>T	p.?	COSN5117009	1	Unknown
	c.352-4971T>G	p.?	COSN25959074	1	Unknown
	c.352-5055T>A	p.?	COSN2300772	1	Unknown
	c.352-5056C>T	p.?	COSN2300773	1	Unknown
	c.352-5417C>T	p.?	COSN4943209	2	Unknown
	c.352-5501G>A	p.?	COSN26629560	1	Unknown
	c.352-5629C>T	p.?	COSN24749194	1	Unknown
	c.352-59T>C	p.?	COSN21085713	1	Unknown
	c.352-6083_352-6082insTCTTT	p.?	COSN27923730	2	Unknown
	c.352-6117T>A	p.?	COSN27107022	1	Unknown
	c.352-6431T>C	p.?	COSN26157914	1	Unknown
	c.352-6675C>A	p.?	COSN20758852	2	Unknown
	c.352-6755C>A	p.?	COSN23740098	1	Unknown
	c.352-6770G>T	p.?	COSN16641331	1	Unknown
	c.352-7034_352-7033del	p.?	COSN29589894	1	Unknown
	c.352-7501G>A	p.?	COSN5693162	1	Unknown
	c.352-7535G>T	p.?	COSN21446921	1	Unknown
	c.352-7717C>G	p.?	COSN21957745	1	Unknown
	c.352-7951C>T	p.?	COSN32400491	1	Unknown
	c.352-7990C>G	p.?	COSN20725112	2	Unknown
	c.352-8129T>C	p.?	COSN27766220	1	Unknown
	c.352-8194A>C	p.?	COSN29369761	1	Unknown
	c.352-8630T>C	p.?	COSN6371695	1	Unknown
	c.352-885G>C	p.?	COSN9690476	1	Unknown
	c.352-90_352-89insAC	p.?	COSN19383089	1	Unknown
	c.352-9250G>A	p.?	COSN8113190	1	Unknown
	c.352-9594C>A	p.?	COSN8329606	1	Unknown
	c.352-9791A>G	p.?	COSN15721821	1	Unknown
	c.352-9944C>A	p.?	COSN33278841	1	Unknown
	c.352-9993_352-9992dup	p.?	COSN29470010	1	Unknown
	c.517-173C>T	p.?	COSN33432578	1	Unknown
	c.517-95A>G	p.?	COSN5117007	2	Unknown
	c.684+10190T>C	p.?	COSN27730906	1	Unknown
	c.684+1059T>G	p.?	COSN23254306	1	Unknown
	c.684+10651G>C	p.?	COSN24006333	1	Unknown
	c.684+10761T>A	p.?	COSN20549722	1	Unknown
	c.684+10767T>C	p.?	COSN24729234	1	Unknown
	c.684+11055C>G	p.?	COSN21776872	1	Unknown
	c.684+11288G>C	p.?	COSN21409066	2	Unknown
	c.684+11291G>C	p.?	COSN21741155	1	Unknown
	c.684+11312C>G	p.?	COSN24011533	1	Unknown
	c.684+11337A>G	p.?	COSN25551120	1	Unknown
	c.684+11547G>T	p.?	COSN9690471	1	Unknown
	c.684+11620C>G	p.?	COSN9690470	1	Unknown
	c.684+11678A>T	p.?	COSN26091866	1	Unknown
	c.684+1185C>T	p.?	COSN28043779	1	Unknown
	c.684+11889A>G	p.?	COSN24595145	1	Unknown
	c.684+11939C>T	p.?	COSN9690469	1	Unknown
	c.684+12011G>A	p.?	COSN16494620	1	Unknown
	c.684+12196C>T	p.?	COSN24269446	1	Unknown
	c.684+12221A>T	p.?	COSN29130755	1	Unknown
	c.684+12245A>G	p.?	COSN6371690	1	Unknown
	c.684+12303C>G	p.?	COSN23581344	1	Unknown
	c.684+12531T>A	p.?	COSN9273402	1	Unknown
	c.684+12549A>G	p.?	COSN2300767	1	Unknown
	c.684+12597C>T	p.?	COSN23747460	1	Unknown
	c.684+12608C>G	p.?	COSN24271080	1	Unknown
	c.684+12653T>C	p.?	COSN9690467	2	Unknown
	c.684+12693C>T	p.?	COSN17880754	1	Unknown
	c.684+1328C>G	p.?	COSN25896060	1	Unknown
	c.684+13508T>C	p.?	COSN16784304	3	Unknown
	c.684+13650A>T	p.?	COSN24579153	1	Unknown
	c.684+13855C>G	p.?	COSN21107799	1	Unknown
	c.684+13997C>A	p.?	COSN25208328	1	Unknown
	c.684+14048C>A	p.?	COSN2300766	1	Unknown
	c.684+14105G>T	p.?	COSN24916976	1	Unknown
	c.684+15703T>A	p.?	COSN21410136	2	Unknown
	c.684+15727C>A	p.?	COSN16454460	1	Unknown
	c.684+15891C>G	p.?	COSN29573024	1	Unknown
	c.684+15896A>G	p.?	COSN22396728	1	Unknown
	c.684+15907A>G	p.?	COSN22579355	1	Unknown
	c.684+1593A>G	p.?	COSN33230681	1	Unknown
	c.684+16001G>T	p.?	COSN1370432	1	Unknown
	c.684+16217T>G	p.?	COSN22276624	1	Unknown
	c.684+16468_684+16470del	p.?	COSN22888770	1	Unknown
	c.684+16634T>C	p.?	COSN9273401	1	Unknown
	c.684+16700T>C	p.?	COSN15677120	1	Unknown
	c.684+16718G>C	p.?	COSN26360933	1	Unknown
	c.684+17122G>C	p.?	COSN32377614	1	Unknown
	c.684+1716C>T	p.?	COSN2300769	1	Unknown
	c.684+17367T>C	p.?	COSN21931936	1	Unknown
	c.684+17911T>C	p.?	COSN8291704	1	Unknown
	c.684+17916T>G	p.?	COSN27630348	1	Unknown
	c.684+17993A>T	p.?	COSN9690466	1	Unknown
	c.684+18166A>G	p.?	COSN16112535	1	Unknown
	c.684+18272C>A	p.?	COSN6371689	1	Unknown
	c.684+18691C>T	p.?	COSN18817903	1	Unknown
	c.684+18692C>T	p.?	COSN18817902	1	Unknown
	c.684+18822T>C	p.?	COSN22312322	1	Unknown
	c.684+18847G>C	p.?	COSN20878212	1	Unknown
	c.684+1900del	p.?	COSN27360897	4	Unknown
	c.684+19033C>T	p.?	COSN5814111	1	Unknown
	c.684+19824G>A	p.?	COSN15787807	1	Unknown
	c.684+20577C>G	p.?	COSN9690465	1	Unknown
	c.684+20729T>C	p.?	COSN8329605	1	Unknown
	c.684+20801C>T	p.?	COSN17669582	1	Unknown
	c.684+21602C>T	p.?	COSN21263871	1	Unknown
	c.684+21603G>A	p.?	COSN32407601	1	Unknown
	c.684+22069T>C	p.?	COSN22186253	1	Unknown
	c.684+22112C>T	p.?	COSN8291703	1	Unknown
	c.684+2227A>G	p.?	COSN27972695	1	Unknown
	c.684+22637T>G	p.?	COSN9273400	1	Unknown
	c.684+22655T>G	p.?	COSN16339108	1	Unknown
	c.684+22902G>A	p.?	COSN8113185	1	Unknown
	c.684+2312T>C	p.?	COSN9273403	1	Unknown
	c.684+23200A>G	p.?	COSN25215415	1	Unknown
	c.684+23305T>A	p.?	COSN8113184	2	Unknown
	c.684+23814A>G	p.?	COSN14962490	1	Unknown
	c.684+24198T>A	p.?	COSN9273399	1	Unknown
	c.684+2457A>G	p.?	COSN19361361	1	Unknown
	c.684+2490T>C	p.?	COSN23600678	1	Unknown
	c.684+25030dup	p.?	COSN22900836	1	Unknown
	c.684+25286A>C	p.?	COSN25004924	1	Unknown
	c.684+253T>A	p.?	COSN2491028	1	Unknown
	c.684+25485dup	p.?	COSN27237169	6	Unknown
	c.684+25549A>T	p.?	COSN9690464	1	Unknown
	c.684+2584G>A	p.?	COSN32618589	1	Unknown
	c.684+25897T>C	p.?	COSN33296443	1	Unknown
	c.684+25964G>C	p.?	COSN9690463	1	Unknown
	c.684+25968C>G	p.?	COSN5117006	1	Unknown
	c.684+25978G>C	p.?	COSN6371688	1	Unknown
	c.684+26040A>G	p.?	COSN16324909	1	Unknown
	c.684+26146T>G	p.?	COSN8113183	1	Unknown
	c.684+26612T>A	p.?	COSN16696027	2	Unknown
	c.684+26859G>A	p.?	COSN21728980	1	Unknown
	c.684+2685A>G	p.?	COSN6371692	1	Unknown
	c.684+26932A>G	p.?	COSN22084159	1	Unknown
	c.684+27149A>C	p.?	COSN2300765	1	Unknown
	c.684+27398A>G	p.?	COSN26363763	1	Unknown
	c.684+27407C>T	p.?	COSN20675898	1	Unknown
	c.684+27649G>A	p.?	COSN29159364	1	Unknown
	c.684+27649G>T	p.?	COSN22127890	1	Unknown
	c.684+27738A>G	p.?	COSN8113182	1	Unknown
	c.684+27822A>G	p.?	COSN21528150	1	Unknown
	c.684+28058T>G	p.?	COSN22406279	1	Unknown
	c.684+28088G>T	p.?	COSN19250042	1	Unknown
	c.684+28227T>A	p.?	COSN21014803	1	Unknown
	c.684+28234dup	p.?	COSN23359922	1	Unknown
	c.684+28310G>A	p.?	COSN29046382	1	Unknown
	c.684+28335T>G	p.?	COSN22199745	1	Unknown
	c.684+28657G>T	p.?	COSN24635884	1	Unknown
	c.684+29133G>C	p.?	COSN22656642	1	Unknown
	c.684+29265C>T	p.?	COSN16844233	1	Unknown
	c.684+29395A>C	p.?	COSN15056947	1	Unknown
	c.684+29946C>T	p.?	COSN2300764	1	Unknown
	c.684+30117G>A	p.?	COSN15455812	1	Unknown
	c.684+30543G>A	p.?	COSN8113181	1	Unknown
	c.684+30698G>C	p.?	COSN33797271	1	Unknown
	c.684+30887C>A	p.?	COSN28141401	1	Unknown
	c.684+31013dup	p.?	COSN22868792	1	Unknown
	c.684+31130C>A	p.?	COSN20966528	1	Unknown
	c.684+31165A>C	p.?	COSN4943207	2	Unknown
	c.684+31218A>G	p.?	COSN21027067	1	Unknown
	c.684+3121G>A	p.?	COSN22210856	1	Unknown
	c.684+31334C>T	p.?	COSN8113180	2	Unknown
	c.684+314del	p.?	COSN33432577	1	Unknown
	c.684+31520G>C	p.?	COSN16990817	1	Unknown
	c.684+32034C>T	p.?	COSN8579713	1	Unknown
	c.684+32142G>C	p.?	COSN24219246	1	Unknown
	c.684+32152A>G	p.?	COSN6371686	1	Unknown
	c.684+32918A>G	p.?	COSN16343901	1	Unknown
	c.684+33014G>A	p.?	COSN5263360	1	Unknown
	c.684+33486del	p.?	COSN23117147	1	Unknown
	c.684+33891T>G	p.?	COSN6371685	1	Unknown
	c.684+34080C>G	p.?	COSN26708332	1	Unknown
	c.684+34112G>T	p.?	COSN4615129	2	Unknown
	c.684+34536T>C	p.?	COSN16956463	1	Unknown
	c.684+34601G>A	p.?	COSN2300763	1	Unknown
	c.684+34697T>C	p.?	COSN24915545	1	Unknown
	c.684+34884C>A	p.?	COSN33265001	1	Unknown
	c.684+35921T>C	p.?	COSN27894130	1	Unknown
	c.684+36291G>A	p.?	COSN26718641	1	Unknown
	c.684+36426T>A	p.?	COSN8113178	3	Unknown
	c.684+36489A>T	p.?	COSN25975970	1	Unknown
	c.684+36694G>T	p.?	COSN17758646	1	Unknown
	c.684+36771C>A	p.?	COSN22400249	2	Unknown
	c.684+36812dup	p.?	COSN2300762	1	Unknown
	c.684+37192C>T	p.?	COSN22469381	1	Unknown
	c.684+37193G>T	p.?	COSN20289150	1	Unknown
	c.684+37478del	p.?	COSN29338922	1	Unknown
	c.684+37543A>G	p.?	COSN21311440	1	Unknown
	c.684+37733T>G	p.?	COSN20245241	1	Unknown
	c.684+3801T>C	p.?	COSN6371691	1	Unknown
	c.684+38372T>G	p.?	COSN18019332	1	Unknown
	c.684+38379del	p.?	COSN29903260	1	Unknown
	c.684+38427G>T	p.?	COSN19031994	1	Unknown
	c.684+3866C>T	p.?	COSN16941252	1	Unknown
	c.684+39208G>A	p.?	COSN5693161	1	Unknown
	c.684+39240T>A	p.?	COSN32958466	1	Unknown
	c.684+39251G>C	p.?	COSN6371683	1	Unknown
	c.684+39599C>G	p.?	COSN20576332	1	Unknown
	c.684+39610dup	p.?	COSN30247394	1	Unknown
	c.684+39983A>G	p.?	COSN22276075	1	Unknown
	c.684+40133T>C	p.?	COSN33432576	1	Unknown
	c.684+40245C>A	p.?	COSN8113177	1	Unknown
	c.684+40277del	p.?	COSN27449703	5	Unknown
	c.684+40277dup	p.?	COSN27210507	2	Unknown
	c.684+40394T>G	p.?	COSN6602267	1	Unknown
	c.684+40395C>A	p.?	COSN8113176	1	Unknown
	c.684+40435G>A	p.?	COSN8113175	2	Unknown
	c.684+40507C>G	p.?	COSN4924492	1	Unknown
	c.684+40508A>T	p.?	COSN22530261	1	Unknown
	c.684+40537G>C	p.?	COSN22771622	1	Unknown
	c.684+40757A>C	p.?	COSN24991629	1	Unknown
	c.684+40758_684+40759dup	p.?	COSN27395644	6	Unknown
	c.684+40759dup	p.?	COSN29300250	1	Unknown
	c.684+40858C>T	p.?	COSN24029984	1	Unknown
	c.684+40950G>T	p.?	COSN19154507	1	Unknown
	c.684+40991T>A	p.?	COSN27040135	1	Unknown
	c.684+409del	p.?	COSN27210642	2	Unknown
	c.684+409dup	p.?	COSN27266684	5	Unknown
	c.684+41227C>G	p.?	COSN6371682	1	Unknown
	c.684+41253C>T	p.?	COSN25019348	1	Unknown
	c.684+41439A>G	p.?	COSN30219335	1	Unknown
	c.684+41537T>A	p.?	COSN25379339	1	Unknown
	c.684+41583C>G	p.?	COSN32209045	1	Unknown
	c.684+4163C>T	p.?	COSN17739347	1	Unknown
	c.684+41804A>G	p.?	COSN21974773	1	Unknown
	c.684+42027C>G	p.?	COSN2300760	2	Unknown
	c.684+42074A>C	p.?	COSN15898466	1	Unknown
	c.684+42272A>G	p.?	COSN29214414	1	Unknown
	c.684+424C>G	p.?	COSN22008055	1	Unknown
	c.684+42540A>G	p.?	COSN2300759	1	Unknown
	c.684+42814T>G	p.?	COSN26738797	1	Unknown
	c.684+43053C>G	p.?	COSN26736959	1	Unknown
	c.684+43224G>A	p.?	COSN32973521	1	Unknown
	c.684+43273T>A	p.?	COSN28580216	1	Unknown
	c.684+43665A>G	p.?	COSN24609524	1	Unknown
	c.684+43745G>T	p.?	COSN24979555	1	Unknown
	c.684+43776T>A	p.?	COSN23211785	1	Unknown
	c.684+43780A>G	p.?	COSN25290314	1	Unknown
	c.684+4392C>T	p.?	COSN15728833	1	Unknown
	c.684+43959C>G	p.?	COSN9690462	1	Unknown
	c.684+44197C>T	p.?	COSN26835723	1	Unknown
	c.684+44213A>G	p.?	COSN9690461	1	Unknown
	c.684+44366A>G	p.?	COSN22566238	1	Unknown
	c.684+44402T>A	p.?	COSN17701796	1	Unknown
	c.684+45055A>G	p.?	COSN25174921	1	Unknown
	c.684+45211A>G	p.?	COSN2300758	1	Unknown
	c.684+45232C>G	p.?	COSN17729218	1	Unknown
	c.684+45267A>G	p.?	COSN9690460	1	Unknown
	c.684+45321T>G	p.?	COSN27276108	1	Unknown
	c.684+45553T>G	p.?	COSN21732523	1	Unknown
	c.684+45608C>G	p.?	COSN23083244	1	Unknown
	c.684+45641G>T	p.?	COSN22619134	1	Unknown
	c.684+45642A>T	p.?	COSN21621913	1	Unknown
	c.684+4586A>T	p.?	COSN30061319	1	Unknown
	c.684+46304A>G	p.?	COSN15977822	1	Unknown
	c.684+46342C>T	p.?	COSN27683824	1	Unknown
	c.684+46411C>A	p.?	COSN8113174	1	Unknown
	c.684+46700A>G	p.?	COSN32464158	1	Unknown
	c.684+47722G>A	p.?	COSN9273396	1	Unknown
	c.684+48010A>G	p.?	COSN19133002	1	Unknown
	c.684+48231G>A	p.?	COSN20684904	1	Unknown
	c.684+4834A>T	p.?	COSN18012636	1	Unknown
	c.684+4838T>A	p.?	COSN33091396	3	Unknown
	c.684+48434A>T	p.?	COSN9273395	1	Unknown
	c.684+48541A>T	p.?	COSN29909109	1	Unknown
	c.684+48561A>G	p.?	COSN2300757	1	Unknown
	c.684+48795C>G	p.?	COSN33278840	1	Unknown
	c.684+49261A>G	p.?	COSN26533639	1	Unknown
	c.684+49301T>C	p.?	COSN22717367	1	Unknown
	c.684+49472G>T	p.?	COSN17250834	1	Unknown
	c.684+49705A>G	p.?	COSN15795628	1	Unknown
	c.684+50037T>C	p.?	COSN20857158	1	Unknown
	c.684+50508G>A	p.?	COSN21016350	1	Unknown
	c.684+50546T>C	p.?	COSN30368808	1	Unknown
	c.684+5073C>T	p.?	COSN23316437	1	Unknown
	c.684+5074C>T	p.?	COSN23306109	1	Unknown
	c.684+51157G>C	p.?	COSN24536707	1	Unknown
	c.684+51291G>A	p.?	COSN26008218	1	Unknown
	c.684+51427G>A	p.?	COSN9690459	1	Unknown
	c.684+51466T>C	p.?	COSN26081636	1	Unknown
	c.684+51466dup	p.?	COSN29537948	2	Unknown
	c.684+51875C>T	p.?	COSN26761382	1	Unknown
	c.684+51959G>T	p.?	COSN32939359	1	Unknown
	c.684+51G>A	p.?	COSN26670227	1	Unknown
	c.684+52014A>G	p.?	COSN30061318	1	Unknown
	c.684+52410A>G	p.?	COSN9690458	2	Unknown
	c.684+52468G>A	p.?	COSN30397369	3	Unknown
	c.684+52645C>T	p.?	COSN30432435	1	Unknown
	c.684+52929A>G	p.?	COSN20153156	1	Unknown
	c.684+52937A>G	p.?	COSN20150601	1	Unknown
	c.684+53433A>G	p.?	COSN21537247	1	Unknown
	c.684+53479C>G	p.?	COSN20520857	1	Unknown
	c.684+53485G>A	p.?	COSN9690457	1	Unknown
	c.684+53587T>C	p.?	COSN20688621	1	Unknown
	c.684+5380A>G	p.?	COSN21157609	1	Unknown
	c.684+54014G>T	p.?	COSN32939358	1	Unknown
	c.684+5412C>G	p.?	COSN19027652	2	Unknown
	c.684+54331C>T	p.?	COSN16863587	1	Unknown
	c.684+54348G>C	p.?	COSN2300756	1	Unknown
	c.684+54485G>A	p.?	COSN26673837	1	Unknown
	c.684+54680C>G	p.?	COSN21992901	1	Unknown
	c.684+54706C>T	p.?	COSN32457033	1	Unknown
	c.684+54862G>A	p.?	COSN25958554	1	Unknown
	c.684+5646G>A	p.?	COSN18008273	1	Unknown
	c.684+6201C>G	p.?	COSN20920126	1	Unknown
	c.684+643A>G	p.?	COSN24524415	1	Unknown
	c.684+6604C>T	p.?	COSN21294561	1	Unknown
	c.684+6618A>C	p.?	COSN22246321	1	Unknown
	c.684+6665G>A	p.?	COSN24762414	1	Unknown
	c.684+6806A>G	p.?	COSN21237212	1	Unknown
	c.684+6864C>G	p.?	COSN32973523	1	Unknown
	c.684+7042C>A	p.?	COSN28512529	1	Unknown
	c.684+7073T>C	p.?	COSN20453701	1	Unknown
	c.684+7105G>A	p.?	COSN21831495	1	Unknown
	c.684+7150C>A	p.?	COSN4924493	1	Unknown
	c.684+7159del	p.?	COSN28490937	1	Unknown
	c.684+7380G>T	p.?	COSN9690473	1	Unknown
	c.684+7395dup	p.?	COSN32973522	1	Unknown
	c.684+7568C>G	p.?	COSN19374817	1	Unknown
	c.684+7590T>C	p.?	COSN28608794	1	Unknown
	c.684+8363A>T	p.?	COSN16350808	1	Unknown
	c.684+8394T>G	p.?	COSN21961820	1	Unknown
	c.684+8461T>A	p.?	COSN32939360	1	Unknown
	c.684+8524C>G	p.?	COSN25968874	1	Unknown
	c.684+856T>A	p.?	COSN22396662	1	Unknown
	c.684+856_684+859del	p.?	COSN22817270	1	Unknown
	c.684+8571C>G	p.?	COSN22670144	1	Unknown
	c.684+8629A>G	p.?	COSN20825471	1	Unknown
	c.684+8798A>C	p.?	COSN21228347	2	Unknown
	c.684+9011A>G	p.?	COSN2300768	1	Unknown
	c.684+9219A>T	p.?	COSN15309866	1	Unknown
	c.684+9502G>T	p.?	COSN5240483	2	Unknown
	c.684+9590C>T	p.?	COSN26091233	1	Unknown
	c.684+9612C>G	p.?	COSN8291705	1	Unknown
	c.684+9613C>A	p.?	COSN9690472	1	Unknown
	c.684+9754C>A	p.?	COSN27034059	1	Unknown
	c.684+9756A>T	p.?	COSN29501343	1	Unknown
	c.685-1004T>G	p.?	COSN6371674	1	Unknown
	c.685-10281T>C	p.?	COSN32224903	4	Unknown
	c.685-10707G>C	p.?	COSN6371677	1	Unknown
	c.685-11068C>A	p.?	COSN26099796	1	Unknown
	c.685-11331A>G	p.?	COSN5693157	1	Unknown
	c.685-11514T>C	p.?	COSN19193429	1	Unknown
	c.685-11595A>G	p.?	COSN23847595	1	Unknown
	c.685-12003G>A	p.?	COSN2300748	1	Unknown
	c.685-1200C>T	p.?	COSN25847189	1	Unknown
	c.685-12072dup	p.?	COSN25676858	1	Unknown
	c.685-1220C>A	p.?	COSN14548988	1	Unknown
	c.685-1251G>A	p.?	COSN32958465	1	Unknown
	c.685-12579C>T	p.?	COSN22241576	1	Unknown
	c.685-12687A>T	p.?	COSN21371881	1	Unknown
	c.685-12802T>G	p.?	COSN30319465	1	Unknown
	c.685-13040G>A	p.?	COSN24501183	1	Unknown
	c.685-13358G>A	p.?	COSN19509568	1	Unknown
	c.685-13381G>T	p.?	COSN20632768	1	Unknown
	c.685-14026dup	p.?	COSN27215013	1	Unknown
	c.685-14409A>G	p.?	COSN20515969	1	Unknown
	c.685-1446T>G	p.?	COSN192857	2	Unknown
	c.685-14479G>T	p.?	COSN20321890	2	Unknown
	c.685-14481G>A	p.?	COSN8113158	1	Unknown
	c.685-14898A>G	p.?	COSN18878186	1	Unknown
	c.685-1522dup	p.?	COSN1370428	1	Unknown
	c.685-15620C>A	p.?	COSN24959077	1	Unknown
	c.685-16006C>T	p.?	COSN8291698	1	Unknown
	c.685-16061G>A	p.?	COSN8113159	1	Unknown
	c.685-16217_685-16216del	p.?	COSN27930234	2	Unknown
	c.685-16229A>G	p.?	COSN14592587	1	Unknown
	c.685-16231G>A	p.?	COSN9690446	1	Unknown
	c.685-16313_685-16312del	p.?	COSN29535352	1	Unknown
	c.685-16313_685-16312insAT	p.?	COSN23346246	1	Unknown
	c.685-1641C>A	p.?	COSN5117002	1	Unknown
	c.685-1655del	p.?	COSN27474823	1	Unknown
	c.685-16641G>A	p.?	COSN16149334	1	Unknown
	c.685-16824T>C	p.?	COSN8113160	1	Unknown
	c.685-17179G>T	p.?	COSN23232027	1	Unknown
	c.685-17242G>T	p.?	COSN22221528	1	Unknown
	c.685-17278G>A	p.?	COSN32629329	1	Unknown
	c.685-17690A>G	p.?	COSN20794062	1	Unknown
	c.685-1781del	p.?	COSN33992834	1	Unknown
	c.685-17950G>T	p.?	COSN8113161	1	Unknown
	c.685-18414G>A	p.?	COSN32407599	1	Unknown
	c.685-18438C>T	p.?	COSN19541464	1	Unknown
	c.685-18444C>T	p.?	COSN26154680	1	Unknown
	c.685-18570G>T	p.?	COSN25994992	1	Unknown
	c.685-18600T>C	p.?	COSN8291699	1	Unknown
	c.685-18638A>G	p.?	COSN6519496	1	Unknown
	c.685-18717C>T	p.?	COSN8113162	1	Unknown
	c.685-18772T>G	p.?	COSN8291700	1	Unknown
	c.685-19602T>C	p.?	COSN20295264	1	Unknown
	c.685-19767C>T	p.?	COSN20525920	2	Unknown
	c.685-20191G>T	p.?	COSN33210486	1	Unknown
	c.685-20747G>T	p.?	COSN9461243	1	Unknown
	c.685-21370C>T	p.?	COSN4924491	1	Unknown
	c.685-21837T>C	p.?	COSN9690447	1	Unknown
	c.685-22319T>G	p.?	COSN33934195	2	Unknown
	c.685-22336C>T	p.?	COSN33934196	2	Unknown
	c.685-22618T>C	p.?	COSN24360133	1	Unknown
	c.685-22664C>A	p.?	COSN22920652	1	Unknown
	c.685-2307A>C	p.?	COSN17260039	1	Unknown
	c.685-23232C>T	p.?	COSN23919490	1	Unknown
	c.685-23384G>A	p.?	COSN17922108	1	Unknown
	c.685-2355G>C	p.?	COSN21986023	1	Unknown
	c.685-24065G>A	p.?	COSN22299900	1	Unknown
	c.685-24264T>A	p.?	COSN20935823	1	Unknown
	c.685-24306A>T	p.?	COSN20407071	1	Unknown
	c.685-24313T>C	p.?	COSN8113163	1	Unknown
	c.685-24346dup	p.?	COSN27575954	2	Unknown
	c.685-24407C>T	p.?	COSN20706127	1	Unknown
	c.685-24545C>A	p.?	COSN22660903	1	Unknown
	c.685-24625T>A	p.?	COSN2479552	1	Unknown
	c.685-24629G>A	p.?	COSN22078712	1	Unknown
	c.685-24636C>A	p.?	COSN29332905	1	Unknown
	c.685-24779C>A	p.?	COSN23906412	1	Unknown
	c.685-25436C>T	p.?	COSN16674060	1	Unknown
	c.685-25599del	p.?	COSN29936508	1	Unknown
	c.685-25614A>G	p.?	COSN9273391	1	Unknown
	c.685-25652G>A	p.?	COSN9690448	1	Unknown
	c.685-25797del	p.?	COSN23151333	3	Unknown
	c.685-26114A>T	p.?	COSN16799646	1	Unknown
	c.685-27026C>T	p.?	COSN8291701	1	Unknown
	c.685-27489G>T	p.?	COSN29806741	1	Unknown
	c.685-27631G>A	p.?	COSN5117003	1	Unknown
	c.685-28760G>A	p.?	COSN17064409	2	Unknown
	c.685-28813C>G	p.?	COSN8113164	1	Unknown
	c.685-29298G>A	p.?	COSN9690449	1	Unknown
	c.685-29669C>G	p.?	COSN9690450	1	Unknown
	c.685-29916C>T	p.?	COSN5693158	1	Unknown
	c.685-29938C>G	p.?	COSN29521698	1	Unknown
	c.685-2999G>C	p.?	COSN33432569	1	Unknown
	c.685-30045A>G	p.?	COSN15261189	1	Unknown
	c.685-30305C>T	p.?	COSN21329522	1	Unknown
	c.685-30560A>C	p.?	COSN29397657	1	Unknown
	c.685-30961T>C	p.?	COSN32973519	1	Unknown
	c.685-31532A>G	p.?	COSN16345892	1	Unknown
	c.685-31858C>T	p.?	COSN32209038	1	Unknown
	c.685-32427T>C	p.?	COSN9690451	2	Unknown
	c.685-32583A>G	p.?	COSN6371678	1	Unknown
	c.685-32651del	p.?	COSN29913866	1	Unknown
	c.685-32652_685-32651del	p.?	COSN29148438	1	Unknown
	c.685-32679C>G	p.?	COSN4884622	1	Unknown
	c.685-32722A>G	p.?	COSN33432572	1	Unknown
	c.685-3278dup	p.?	COSN32645725	1	Unknown
	c.685-33102T>C	p.?	COSN16045577	1	Unknown
	c.685-3319T>G	p.?	COSN15844176	1	Unknown
	c.685-33203C>T	p.?	COSN28380598	1	Unknown
	c.685-33445T>A	p.?	COSN33291951	1	Unknown
	c.685-33567C>T	p.?	COSN8113165	2	Unknown
	c.685-33699G>C	p.?	COSN23865473	1	Unknown
	c.685-33748del	p.?	COSN28481852	1	Unknown
	c.685-33774G>A	p.?	COSN26167771	1	Unknown
	c.685-33889A>G	p.?	COSN2300749	1	Unknown
	c.685-34039T>C	p.?	COSN15970216	1	Unknown
	c.685-34233C>A	p.?	COSN32947089	1	Unknown
	c.685-34418C>T	p.?	COSN23871076	1	Unknown
	c.685-34426T>A	p.?	COSN8113166	1	Unknown
	c.685-34498T>C	p.?	COSN9690452	2	Unknown
	c.685-34522T>C	p.?	COSN24808416	1	Unknown
	c.685-34531C>T	p.?	COSN18856285	1	Unknown
	c.685-34555C>T	p.?	COSN9690453	1	Unknown
	c.685-34747A>G	p.?	COSN16345153	1	Unknown
	c.685-34973G>T	p.?	COSN2479553	1	Unknown
	c.685-35121C>T	p.?	COSN20241012	2	Unknown
	c.685-35556G>A	p.?	COSN8291702	1	Unknown
	c.685-35704G>C	p.?	COSN9690454	1	Unknown
	c.685-36390C>G	p.?	COSN21683994	1	Unknown
	c.685-36404A>C	p.?	COSN26706363	1	Unknown
	c.685-36602A>G	p.?	COSN25746174	1	Unknown
	c.685-36841C>T	p.?	COSN16571259	1	Unknown
	c.685-36991C>G	p.?	COSN27021399	1	Unknown
	c.685-37127T>C	p.?	COSN2300750	2	Unknown
	c.685-37260C>A	p.?	COSN25062384	1	Unknown
	c.685-37319T>G	p.?	COSN2300751	1	Unknown
	c.685-37602A>G	p.?	COSN8113167	1	Unknown
	c.685-37625_685-37596del	p.?	COSN24908775	1	Unknown
	c.685-37647G>T	p.?	COSN24896470	1	Unknown
	c.685-37759A>G	p.?	COSN2497356	1	Unknown
	c.685-37779A>G	p.?	COSN28669995	1	Unknown
	c.685-37963T>A	p.?	COSN33009978	1	Unknown
	c.685-38065C>G	p.?	COSN32973520	1	Unknown
	c.685-38254G>A	p.?	COSN26331734	1	Unknown
	c.685-38353G>A	p.?	COSN21995901	2	Unknown
	c.685-38451T>A	p.?	COSN16009179	1	Unknown
	c.685-38452T>A	p.?	COSN16008766	1	Unknown
	c.685-38461dup	p.?	COSN27072025	1	Unknown
	c.685-38592C>T	p.?	COSN22602965	1	Unknown
	c.685-38611G>A	p.?	COSN30345323	1	Unknown
	c.685-38708G>T	p.?	COSN22291190	1	Unknown
	c.685-38882C>T	p.?	COSN23752353	1	Unknown
	c.685-38894dup	p.?	COSN29726525	1	Unknown
	c.685-39249C>A	p.?	COSN33432573	1	Unknown
	c.685-3927T>G	p.?	COSN6371675	1	Unknown
	c.685-39306A>G	p.?	COSN26283298	1	Unknown
	c.685-3953T>C	p.?	COSN6371676	1	Unknown
	c.685-39686A>G	p.?	COSN15726628	1	Unknown
	c.685-40818G>T	p.?	COSN17366229	1	Unknown
	c.685-40823A>T	p.?	COSN17364790	1	Unknown
	c.685-40887del	p.?	COSN27207710	9	Unknown
	c.685-40887dup	p.?	COSN27232175	4	Unknown
	c.685-41000T>G	p.?	COSN14534000	1	Unknown
	c.685-41177A>G	p.?	COSN32407600	1	Unknown
	c.685-41292A>G	p.?	COSN6371679	1	Unknown
	c.685-4135_685-4126del	p.?	COSN30437702	1	Unknown
	c.685-41861C>G	p.?	COSN21628879	1	Unknown
	c.685-41887G>A	p.?	COSN20640251	1	Unknown
	c.685-42052T>A	p.?	COSN20607810	1	Unknown
	c.685-42488C>G	p.?	COSN22320951	1	Unknown
	c.685-42525C>T	p.?	COSN18905034	1	Unknown
	c.685-42663A>G	p.?	COSN2300752	2	Unknown
	c.685-42771A>G	p.?	COSN2300753	1	Unknown
	c.685-42819G>T	p.?	COSN17311278	1	Unknown
	c.685-42942del	p.?	COSN19337303	1	Unknown
	c.685-42942dup	p.?	COSN27273127	1	Unknown
	c.685-43162del	p.?	COSN33432574	1	Unknown
	c.685-43358G>A	p.?	COSN24011532	1	Unknown
	c.685-43533G>C	p.?	COSN21958592	1	Unknown
	c.685-43633A>G	p.?	COSN6602266	1	Unknown
	c.685-43876_685-43872del	p.?	COSN28009243	1	Unknown
	c.685-43876_685-43872dup	p.?	COSN27662925	1	Unknown
	c.685-43946C>T	p.?	COSN32663950	1	Unknown
	c.685-43997T>G	p.?	COSN17460117	1	Unknown
	c.685-44053A>C	p.?	COSN20747755	1	Unknown
	c.685-44275del	p.?	COSN22895208	1	Unknown
	c.685-44406A>C	p.?	COSN28319760	1	Unknown
	c.685-44829A>T	p.?	COSN15457978	1	Unknown
	c.685-44908A>G	p.?	COSN30071539	1	Unknown
	c.685-44980G>T	p.?	COSN19119280	1	Unknown
	c.685-4509del	p.?	COSN25303712	1	Unknown
	c.685-45125T>C	p.?	COSN24375206	1	Unknown
	c.685-45261G>C	p.?	COSN14532509	1	Unknown
	c.685-4551T>C	p.?	COSN9690444	1	Unknown
	c.685-4558del	p.?	COSN33992835	1	Unknown
	c.685-46318dup	p.?	COSN27075423	1	Unknown
	c.685-46544T>C	p.?	COSN19289498	1	Unknown
	c.685-46975A>T	p.?	COSN6519497	1	Unknown
	c.685-47072C>T	p.?	COSN17316119	1	Unknown
	c.685-48188G>C	p.?	COSN26906897	2	Unknown
	c.685-4849C>T	p.?	COSN17456429	1	Unknown
	c.685-48783C>T	p.?	COSN32663951	1	Unknown
	c.685-48867T>A	p.?	COSN16948469	1	Unknown
	c.685-48905C>G	p.?	COSN1370431	1	Unknown
	c.685-49031T>G	p.?	COSN2300754	1	Unknown
	c.685-49177A>G	p.?	COSN20332289	1	Unknown
	c.685-49512A>G	p.?	COSN28043452	1	Unknown
	c.685-49722A>C	p.?	COSN9273392	1	Unknown
	c.685-4983C>G	p.?	COSN5693156	1	Unknown
	c.685-50120T>C	p.?	COSN16564899	1	Unknown
	c.685-50125C>A	p.?	COSN9273393	1	Unknown
	c.685-50576A>G	p.?	COSN23389750	1	Unknown
	c.685-50602A>T	p.?	COSN24830518	1	Unknown
	c.685-50843C>T	p.?	COSN9273394	1	Unknown
	c.685-5095G>T	p.?	COSN9273390	1	Unknown
	c.685-51982G>T	p.?	COSN22089785	1	Unknown
	c.685-52132A>G	p.?	COSN5117005	1	Unknown
	c.685-52300A>G	p.?	COSN9690455	1	Unknown
	c.685-52333C>T	p.?	COSN32209039	1	Unknown
	c.685-52431C>G	p.?	COSN32209040	1	Unknown
	c.685-52458A>T	p.?	COSN27780716	1	Unknown
	c.685-52625T>C	p.?	COSN20733512	1	Unknown
	c.685-52655C>T	p.?	COSN32209041	1	Unknown
	c.685-52722del	p.?	COSN31854925	1	Unknown
	c.685-52821C>G	p.?	COSN32209042	1	Unknown
	c.685-52888del	p.?	COSN29797415	2	Unknown
	c.685-52969G>C	p.?	COSN9690456	1	Unknown
	c.685-53051del	p.?	COSN33992836	1	Unknown
	c.685-5340del	p.?	COSN29483678	1	Unknown
	c.685-53803A>T	p.?	COSN8113170	1	Unknown
	c.685-53822G>C	p.?	COSN2300755	1	Unknown
	c.685-53876C>T	p.?	COSN32209043	1	Unknown
	c.685-5401T>C	p.?	COSN6602265	1	Unknown
	c.685-54163A>G	p.?	COSN32480234	1	Unknown
	c.685-54188G>A	p.?	COSN2497357	1	Unknown
	c.685-54320G>T	p.?	COSN8113171	1	Unknown
	c.685-54393C>G	p.?	COSN21414159	1	Unknown
	c.685-54421C>A	p.?	COSN32209044	1	Unknown
	c.685-54524G>C	p.?	COSN26107671	1	Unknown
	c.685-54525G>C	p.?	COSN26110701	1	Unknown
	c.685-54835C>T	p.?	COSN22163959	1	Unknown
	c.685-55108C>G	p.?	COSN8113172	1	Unknown
	c.685-553A>T	p.?	COSN21908156	1	Unknown
	c.685-5629A>G	p.?	COSN32618588	1	Unknown
	c.685-5951A>T	p.?	COSN22296775	1	Unknown
	c.685-6318A>G	p.?	COSN22157160	1	Unknown
	c.685-6703A>G	p.?	COSN8113156	1	Unknown
	c.685-6708del	p.?	COSN1370429	1	Unknown
	c.685-7211C>G	p.?	COSN19318788	1	Unknown
	c.685-7576G>A	p.?	COSN16459633	1	Unknown
	c.685-7699G>T	p.?	COSN1370430	1	Unknown
	c.685-826A>G	p.?	COSN26329640	1	Unknown
	c.685-8513T>G	p.?	COSN33432570	1	Unknown
	c.685-8812A>C	p.?	COSN16420673	1	Unknown
	c.685-8827T>A	p.?	COSN23379657	1	Unknown
	c.685-8972_685-8951del	p.?	COSN18751250	1	Unknown
	c.685-9016G>A	p.?	COSN25500901	1	Unknown
	c.685-9071C>G	p.?	COSN22149063	1	Unknown
	c.685-911T>G	p.?	COSN23806456	1	Unknown
	c.685-9166C>T	p.?	COSN24229741	1	Unknown
	c.685-9208C>G	p.?	COSN21314263	1	Unknown
	c.685-9265_685-9264insAG	p.?	COSN29124040	1	Unknown
	c.685-9326C>T	p.?	COSN20489175	1	Unknown
	c.685-9558C>T	p.?	COSN19006852	1	Unknown
	c.685-9596G>A	p.?	COSN25772026	1	Unknown
	c.685-9811G>A	p.?	COSN8113157	1	Unknown
	c.685-9942G>A	p.?	COSN33432571	1	Unknown
	c.822+1159G>T	p.?	COSN17515155	1	Unknown
	c.822+1188G>A	p.?	COSN6371673	1	Unknown
	c.822+15C>G	p.?	COSN19079395	2	Unknown
	c.822+18G>A	p.?	COSN33328205	1	Unknown
	c.822+2126A>T	p.?	COSN2300747	1	Unknown
	c.822+2135T>G	p.?	COSN9690443	1	Unknown
	c.822+2142dup	p.?	COSN23559533	1	Unknown
	c.822+2145G>C	p.?	COSN17764629	1	Unknown
	c.822+262dup	p.?	COSN27502512	2	Unknown
	c.822+2910G>A	p.?	COSN6371672	1	Unknown
	c.822+2948G>A	p.?	COSN8291697	1	Unknown
	c.822+3088G>A	p.?	COSN29283238	1	Unknown
	c.822+3228A>G	p.?	COSN33246704	1	Unknown
	c.822+3247T>C	p.?	COSN33246703	1	Unknown
	c.822+3299G>T	p.?	COSN14988773	1	Unknown
	c.822+3507A>G	p.?	COSN24915967	1	Unknown
	c.822+3559T>G	p.?	COSN8113155	1	Unknown
	c.822+365A>G	p.?	COSN9273389	1	Unknown
	c.822+3940C>G	p.?	COSN27118566	1	Unknown
	c.822+4255G>T	p.?	COSN16354439	1	Unknown
	c.822+4387T>G	p.?	COSN15294143	1	Unknown
	c.822+4614A>T	p.?	COSN17805245	1	Unknown
	c.822+4652C>T	p.?	COSN30427486	1	Unknown
	c.822+5225T>G	p.?	COSN29713150	1	Unknown
	c.822+5281C>G	p.?	COSN33278839	1	Unknown
	c.822+5397G>A	p.?	COSN5693155	1	Unknown
	c.822+5652C>T	p.?	COSN30342088	1	Unknown
	c.822+5680C>T	p.?	COSN32407598	1	Unknown
	c.822+5725C>T	p.?	COSN33278838	1	Unknown
	c.822+57A>G	p.?	COSN28886397	1	Unknown
	c.822+5824A>G	p.?	COSN5857762	1	Unknown
	c.822+5961A>G	p.?	COSN31856721	1	Unknown
	c.822+6045G>A	p.?	COSN5693154	1	Unknown
	c.822+6253C>A	p.?	COSN20623643	1	Unknown
	c.822+6261G>C	p.?	COSN14442526	1	Unknown
	c.822+6344A>G	p.?	COSN17984209	1	Unknown
	c.822+6384del	p.?	COSN32973518	1	Unknown
	c.822+652C>T	p.?	COSN20830377	1	Unknown
	c.822+6696C>A	p.?	COSN23794188	1	Unknown
	c.822+6771T>A	p.?	COSN24806752	1	Unknown
	c.822+6794A>C	p.?	COSN28492510	1	Unknown
	c.822+6832A>T	p.?	COSN23912062	1	Unknown
	c.822+6950G>C	p.?	COSN26817312	1	Unknown
	c.822+697T>C	p.?	COSN16311043	1	Unknown
	c.822+6982G>C	p.?	COSN28591447	1	Unknown
	c.822+7123T>C	p.?	COSN28500247	1	Unknown
	c.822+7201C>T	p.?	COSN23921790	2	Unknown
	c.822+740dup	p.?	COSN27266419	2	Unknown
	c.822+7447C>G	p.?	COSN20426450	1	Unknown
	c.822+7450C>G	p.?	COSN31143057	1	Unknown
	c.822+7496A>C	p.?	COSN24788222	1	Unknown
	c.822+7629G>C	p.?	COSN22765721	1	Unknown
	c.822+7699C>A	p.?	COSN20501538	1	Unknown
	c.822+799C>T	p.?	COSN24984536	1	Unknown
	c.822+983G>A	p.?	COSN5240481	1	Unknown
	c.823-1141C>T	p.?	COSN14503275	1	Unknown
	c.823-1342G>A	p.?	COSN8113153	1	Unknown
	c.823-1495C>T	p.?	COSN32209037	1	Unknown
	c.823-1503A>G	p.?	COSN21745570	1	Unknown
	c.823-1504G>T	p.?	COSN22616245	1	Unknown
	c.823-1783G>A	p.?	COSN24051159	1	Unknown
	c.823-1922C>A	p.?	COSN20866138	1	Unknown
	c.823-1931T>C	p.?	COSN22022057	1	Unknown
	c.823-199dup	p.?	COSN27516566	6	Unknown
	c.823-2555A>T	p.?	COSN8113154	1	Unknown
	c.823-2739C>T	p.?	COSN21959708	1	Unknown
	c.823-2814A>G	p.?	COSN6602264	1	Unknown
	c.823-2881G>T	p.?	COSN20808984	1	Unknown
	c.823-3171G>C	p.?	COSN21339526	1	Unknown
	c.823-3370A>G	p.?	COSN27766835	2	Unknown
	c.823-3444A>C	p.?	COSN9690441	1	Unknown
	c.823-358A>G	p.?	COSN28039196	1	Unknown
	c.823-3666T>C	p.?	COSN24732883	1	Unknown
	c.823-374G>A	p.?	COSN6371671	1	Unknown
	c.823-398A>G	p.?	COSN9690440	1	Unknown
	c.823-3del	p.?	COSM9612786	1	Unknown
	c.823-4048C>T	p.?	COSN9690442	2	Unknown
	c.823-4060C>T	p.?	COSN23830625	1	Unknown
	c.823-4078C>T	p.?	COSN20366603	1	Unknown
	c.823-4094G>C	p.?	COSN33282710	1	Unknown
	c.823-4109_823-4106del	p.?	COSN29531349	1	Unknown
	c.823-4161A>G	p.?	COSN2300744	1	Unknown
	c.823-4301T>A	p.?	COSN15882549	3	Unknown
	c.823-4305del	p.?	COSN33992833	1	Unknown
	c.823-4341C>T	p.?	COSN2300746	2	Unknown
	c.823-4388G>T	p.?	COSN21234376	1	Unknown
	c.823-4673G>A	p.?	COSN16989641	1	Unknown
	c.823-4674T>C	p.?	COSN16990483	1	Unknown
	c.823-4771G>A	p.?	COSN32407597	1	Unknown
	c.823-533G>C	p.?	COSN5117001	1	Unknown
	c.823-5459T>G	p.?	COSN29464201	1	Unknown
	c.823-55A>T	p.?	COSN5693151	1	Unknown
	c.823-5925G>A	p.?	COSN22715413	1	Unknown
	c.823-6014C>T	p.?	COSN20359248	1	Unknown
	c.823-614G>T	p.?	COSN20461855	1	Unknown
	c.823-6162G>A	p.?	COSN15853051	1	Unknown
	c.823-6382A>T	p.?	COSN24229740	1	Unknown
	c.823-6430A>G	p.?	COSN28204915	1	Unknown
	c.823-6558C>T	p.?	COSN24542724	1	Unknown
	c.823-6664C>G	p.?	COSN21984957	1	Unknown
	c.823-6923C>G	p.?	COSN22128440	1	Unknown
	c.823-7966C>T	p.?	COSN26004837	1	Unknown
	c.823-7983G>A	p.?	COSN8291696	1	Unknown
	c.823-908A>G	p.?	COSN1370426	1	Unknown
	c.823-964C>A	p.?	COSN1370427	1	Unknown
	c.948+10130C>G	p.?	COSN32209033	1	Unknown
	c.948+1045A>G	p.?	COSN6371669	1	Unknown
	c.948+10750A>G	p.?	COSN17734644	1	Unknown
	c.948+10806C>G	p.?	COSN32209032	1	Unknown
	c.948+1082G>T	p.?	COSN24579152	1	Unknown
	c.948+10974C>G	p.?	COSN32209031	1	Unknown
	c.948+11166G>A	p.?	COSN24228899	1	Unknown
	c.948+11562A>G	p.?	COSN29846966	1	Unknown
	c.948+11642G>T	p.?	COSN29919400	1	Unknown
	c.948+11648G>A	p.?	COSN26265302	1	Unknown
	c.948+11738G>T	p.?	COSN16957064	1	Unknown
	c.948+12489G>T	p.?	COSN8113150	1	Unknown
	c.948+12604G>T	p.?	COSN27810199	1	Unknown
	c.948+13002G>A	p.?	COSN5240479	2	Unknown
	c.948+13560A>G	p.?	COSN29813569	1	Unknown
	c.948+14004G>A	p.?	COSN32564365	1	Unknown
	c.948+1423T>C	p.?	COSN15034129	1	Unknown
	c.948+14471dup	p.?	COSN22852948	1	Unknown
	c.948+14639G>A	p.?	COSN2300738	1	Unknown
	c.948+14678C>G	p.?	COSN21612625	1	Unknown
	c.948+14897A>T	p.?	COSN23501662	3	Unknown
	c.948+14946A>G	p.?	COSN21571658	1	Unknown
	c.948+15176G>C	p.?	COSN2300737	1	Unknown
	c.948+15215C>T	p.?	COSN24000861	1	Unknown
	c.948+15220C>T	p.?	COSN24272743	1	Unknown
	c.948+15312C>T	p.?	COSN26271991	1	Unknown
	c.948+15542C>G	p.?	COSN22765743	1	Unknown
	c.948+1724A>C	p.?	COSN16108216	1	Unknown
	c.948+1923T>G	p.?	COSN4924490	2	Unknown
	c.948+2066A>T	p.?	COSN29423882	1	Unknown
	c.948+2223G>T	p.?	COSN16116091	1	Unknown
	c.948+2250C>T	p.?	COSN5693150	1	Unknown
	c.948+2263A>G	p.?	COSN15918734	1	Unknown
	c.948+2601C>T	p.?	COSN5693149	1	Unknown
	c.948+262T>G	p.?	COSN20862143	1	Unknown
	c.948+2730G>T	p.?	COSN21353355	1	Unknown
	c.948+2807A>C	p.?	COSN6371668	1	Unknown
	c.948+305C>A	p.?	COSN32209036	1	Unknown
	c.948+3186C>G	p.?	COSN4943206	2	Unknown
	c.948+3257C>G	p.?	COSN4943205	2	Unknown
	c.948+3329C>T	p.?	COSN20765177	1	Unknown
	c.948+3417G>A	p.?	COSN32618587	1	Unknown
	c.948+3476G>A	p.?	COSN23714202	1	Unknown
	c.948+3480T>A	p.?	COSN5693148	1	Unknown
	c.948+3507C>T	p.?	COSN9690439	1	Unknown
	c.948+385A>T	p.?	COSN33230680	1	Unknown
	c.948+3955G>A	p.?	COSN20213080	1	Unknown
	c.948+4016G>A	p.?	COSN33234599	1	Unknown
	c.948+4324dup	p.?	COSN18759342	1	Unknown
	c.948+4710A>G	p.?	COSN20896125	1	Unknown
	c.948+4745A>G	p.?	COSN6371667	1	Unknown
	c.948+4953A>G	p.?	COSN27738552	1	Unknown
	c.948+4986G>A	p.?	COSN15161456	1	Unknown
	c.948+50C>G	p.?	COSN27162701	1	Unknown
	c.948+50_948+53del	p.?	COSN22892531	1	Unknown
	c.948+513dup	p.?	COSN29760954	2	Unknown
	c.948+5322A>G	p.?	COSN8291695	1	Unknown
	c.948+5677A>G	p.?	COSN2300743	1	Unknown
	c.948+5954T>G	p.?	COSN22186252	1	Unknown
	c.948+6034T>A	p.?	COSN23229090	1	Unknown
	c.948+613A>G	p.?	COSN23610999	1	Unknown
	c.948+6205C>T	p.?	COSN4943204	2	Unknown
	c.948+6283T>G	p.?	COSN2300742	1	Unknown
	c.948+658G>A	p.?	COSN29325948	1	Unknown
	c.948+6694G>A	p.?	COSN26358351	1	Unknown
	c.948+7032C>T	p.?	COSN19016551	1	Unknown
	c.948+7082C>T	p.?	COSN20341414	1	Unknown
	c.948+7195A>G	p.?	COSN6371666	1	Unknown
	c.948+7282A>G	p.?	COSN2300741	1	Unknown
	c.948+7572T>G	p.?	COSN4884620	1	Unknown
	c.948+7997C>G	p.?	COSN32209035	1	Unknown
	c.948+8266G>A	p.?	COSN8113151	1	Unknown
	c.948+82T>C	p.?	COSN19691303	1	Unknown
	c.948+9038del	p.?	COSN33992832	1	Unknown
	c.948+9038dup	p.?	COSN29077380	1	Unknown
	c.948+9189A>T	p.?	COSN20199768	1	Unknown
	c.948+9264G>T	p.?	COSN25789711	1	Unknown
	c.948+9267A>T	p.?	COSN2300740	1	Unknown
	c.948+9379T>C	p.?	COSN5693147	1	Unknown
	c.948+9513C>G	p.?	COSN32209034	1	Unknown
	c.948+9749_948+9750dup	p.?	COSN33432568	1	Unknown
	c.948+9764del	p.?	COSN28993393	1	Unknown
	c.948+9764dup	p.?	COSN2300739	3	Unknown
	c.948+9765G>T	p.?	COSN24616341	1	Unknown
	c.949-10197A>T	p.?	COSN31642835	1	Unknown
	c.949-10535A>T	p.?	COSN24925324	1	Unknown
	c.949-10584C>A	p.?	COSN25181343	1	Unknown
	c.949-10676_949-10651dup	p.?	COSN29758554	1	Unknown
	c.949-11317C>T	p.?	COSN9690438	1	Unknown
	c.949-1134G>A	p.?	COSN29999154	1	Unknown
	c.949-1148T>G	p.?	COSN2300732	1	Unknown
	c.949-1149A>G	p.?	COSN19723349	1	Unknown
	c.949-1150C>A	p.?	COSN17391446	1	Unknown
	c.949-11612A>C	p.?	COSN4615067	1	Unknown
	c.949-11667A>G	p.?	COSN5117000	1	Unknown
	c.949-12084T>A	p.?	COSN22473291	1	Unknown
	c.949-12146T>A	p.?	COSN15971462	1	Unknown
	c.949-12724A>G	p.?	COSN5693145	1	Unknown
	c.949-12746G>A	p.?	COSN17015440	1	Unknown
	c.949-1279C>G	p.?	COSN26354170	1	Unknown
	c.949-13149T>G	p.?	COSN27950182	1	Unknown
	c.949-13280C>G	p.?	COSN4943203	2	Unknown
	c.949-13362G>C	p.?	COSN22472311	1	Unknown
	c.949-13379A>G	p.?	COSN2300736	1	Unknown
	c.949-13391G>T	p.?	COSN16727766	2	Unknown
	c.949-13494G>C	p.?	COSN25315304	1	Unknown
	c.949-13996A>G	p.?	COSN33432567	1	Unknown
	c.949-14060C>A	p.?	COSN33881446	1	Unknown
	c.949-14335A>G	p.?	COSN15827614	1	Unknown
	c.949-14793A>G	p.?	COSN5693146	1	Unknown
	c.949-14815A>C	p.?	COSN9273387	1	Unknown
	c.949-1539T>C	p.?	COSN23143364	1	Unknown
	c.949-15635A>G	p.?	COSN24801833	1	Unknown
	c.949-15666T>G	p.?	COSN1370425	1	Unknown
	c.949-1674G>A	p.?	COSN15069556	1	Unknown
	c.949-1855C>T	p.?	COSN2300733	2	Unknown
	c.949-1G>T	p.?	COSM8764410	1	Unknown
	c.949-2087C>T	p.?	COSN23731185	1	Unknown
	c.949-2338T>C	p.?	COSN20170901	1	Unknown
	c.949-2696G>A	p.?	COSN6371662	1	Unknown
	c.949-2951C>T	p.?	COSN23589691	1	Unknown
	c.949-3194G>C	p.?	COSN17339837	1	Unknown
	c.949-3225A>G	p.?	COSN21549097	1	Unknown
	c.949-3382C>G	p.?	COSN17215714	1	Unknown
	c.949-3889A>C	p.?	COSN8579712	1	Unknown
	c.949-3923G>C	p.?	COSN8113146	1	Unknown
	c.949-3941C>G	p.?	COSN6371663	1	Unknown
	c.949-4025G>A	p.?	COSN2300734	1	Unknown
	c.949-4672T>G	p.?	COSN22683128	1	Unknown
	c.949-4834C>T	p.?	COSN28145413	1	Unknown
	c.949-4923C>G	p.?	COSN22161409	1	Unknown
	c.949-5011C>G	p.?	COSN20715075	1	Unknown
	c.949-5036C>G	p.?	COSN32006020	1	Unknown
	c.949-5193T>C	p.?	COSN9690437	1	Unknown
	c.949-53G>T	p.?	COSN8113145	1	Unknown
	c.949-5883A>T	p.?	COSN8113147	1	Unknown
	c.949-6110C>T	p.?	COSN15244232	1	Unknown
	c.949-61A>G	p.?	COSN28821518	1	Unknown
	c.949-6369A>G	p.?	COSN23476782	1	Unknown
	c.949-6440A>G	p.?	COSN6371664	1	Unknown
	c.949-6503G>A	p.?	COSN23630526	1	Unknown
	c.949-6505G>C	p.?	COSN25719621	1	Unknown
	c.949-6813T>C	p.?	COSN2300735	2	Unknown
	c.949-6993C>A	p.?	COSN29283753	1	Unknown
	c.949-7184G>A	p.?	COSN5693144	1	Unknown
	c.949-7241A>G	p.?	COSN19391991	1	Unknown
	c.949-7523C>T	p.?	COSN4924489	2	Unknown
	c.949-7595G>A	p.?	COSN6371665	1	Unknown
	c.949-7672A>C	p.?	COSN22210235	1	Unknown
	c.949-7761A>G	p.?	COSN29957637	1	Unknown
	c.949-779A>C	p.?	COSN5693141	1	Unknown
	c.949-8032G>T	p.?	COSN16705097	2	Unknown
	c.949-8286G>T	p.?	COSN29046351	1	Unknown
	c.949-8522A>G	p.?	COSN25629888	1	Unknown
	c.949-8643C>T	p.?	COSN19066285	1	Unknown
	c.949-8850C>T	p.?	COSN24244783	1	Unknown
	c.949-8906G>A	p.?	COSN8113148	1	Unknown
	c.949-8910A>C	p.?	COSN8113149	1	Unknown
	c.949-9067G>A	p.?	COSN17400854	1	Unknown
	c.949-9527_949-9524del	p.?	COSN19599442	1	Unknown
	c.949-9574G>A	p.?	COSN29975542	1	Unknown
	c.949-9817A>C	p.?	COSN22256949	1	Unknown
	c.1141+10151dup	p.?	COSN2300727	1	Unknown
	c.1141+10511C>T	p.?	COSN26109192	1	Unknown
	c.1141+1147T>A	p.?	COSN33432566	1	Unknown
	c.1141+1562A>C	p.?	COSN9690436	1	Unknown
	c.1141+194C>A	p.?	COSN6371660	1	Unknown
	c.1141+1984T>G	p.?	COSN25115085	1	Unknown
	c.1141+2889A>G	p.?	COSN25382785	1	Unknown
	c.1141+3009C>G	p.?	COSN19361360	1	Unknown
	c.1141+3063G>A	p.?	COSN8113143	2	Unknown
	c.1141+3253C>T	p.?	COSN30010610	1	Unknown
	c.1141+3818C>G	p.?	COSN20806934	1	Unknown
	c.1141+41G>A	p.?	COSN24401774	1	Unknown
	c.1141+4240G>A	p.?	COSN17442742	1	Unknown
	c.1141+4298G>A	p.?	COSN9690435	1	Unknown
	c.1141+4393T>C	p.?	COSN17476259	1	Unknown
	c.1141+472C>G	p.?	COSN8113144	4	Unknown
	c.1141+5072A>C	p.?	COSN2300731	1	Unknown
	c.1141+5099A>T	p.?	COSN2300730	1	Unknown
	c.1141+5118G>C	p.?	COSN21680668	1	Unknown
	c.1141+5383C>T	p.?	COSN6371658	1	Unknown
	c.1141+5482A>G	p.?	COSN8113142	1	Unknown
	c.1141+5505G>A	p.?	COSN5693140	1	Unknown
	c.1141+562T>A	p.?	COSN6371659	1	Unknown
	c.1141+5706G>A	p.?	COSN27378500	1	Unknown
	c.1141+6173G>A	p.?	COSN26104377	1	Unknown
	c.1141+6383G>C	p.?	COSN22162692	1	Unknown
	c.1141+6453A>G	p.?	COSN15810782	1	Unknown
	c.1141+6956G>A	p.?	COSN8113141	1	Unknown
	c.1141+7170C>G	p.?	COSN19425639	1	Unknown
	c.1141+7982A>G	p.?	COSN32924430	1	Unknown
	c.1141+8071A>G	p.?	COSN22195358	2	Unknown
	c.1141+8135C>A	p.?	COSN2300729	1	Unknown
	c.1141+8539C>G	p.?	COSN16393977	1	Unknown
	c.1141+8718A>G	p.?	COSN21406908	1	Unknown
	c.1141+9251A>G	p.?	COSN2300728	2	Unknown
	c.1141+9359C>T	p.?	COSN9461242	1	Unknown
	c.1141+9723T>C	p.?	COSN25821863	1	Unknown
	c.1141+9939A>C	p.?	COSN25705244	1	Unknown
	c.1142-10266A>T	p.?	COSN17720580	1	Unknown
	c.1142-10503C>T	p.?	COSN33881445	1	Unknown
	c.1142-1060T>G	p.?	COSN29238420	1	Unknown
	c.1142-1719C>T	p.?	COSN15910780	1	Unknown
	c.1142-2084G>C	p.?	COSN22581945	1	Unknown
	c.1142-2146A>G	p.?	COSN27997128	1	Unknown
	c.1142-2168T>G	p.?	COSN4943201	2	Unknown
	c.1142-2192A>C	p.?	COSN25665729	1	Unknown
	c.1142-2257A>T	p.?	COSN4943202	1	Unknown
	c.1142-2392C>T	p.?	COSN22414225	1	Unknown
	c.1142-2431G>A	p.?	COSN2300723	1	Unknown
	c.1142-24C>A	p.?	COSN1370424	2	Unknown
	c.1142-286T>C	p.?	COSN21704357	1	Unknown
	c.1142-3650C>T	p.?	COSN6371654	1	Unknown
	c.1142-3895G>A	p.?	COSN2300724	1	Unknown
	c.1142-4119G>A	p.?	COSN18817900	1	Unknown
	c.1142-4120G>A	p.?	COSN18817901	1	Unknown
	c.1142-4488G>T	p.?	COSN17640281	1	Unknown
	c.1142-4627C>A	p.?	COSN33848377	1	Unknown
	c.1142-4772C>A	p.?	COSN2472463	1	Unknown
	c.1142-5484A>G	p.?	COSN16903428	1	Unknown
	c.1142-5965dup	p.?	COSN31855631	1	Unknown
	c.1142-6049T>A	p.?	COSN22408674	1	Unknown
	c.1142-6101C>G	p.?	COSN26186846	1	Unknown
	c.1142-6323dup	p.?	COSN26241043	1	Unknown
	c.1142-6370T>C	p.?	COSN6371655	1	Unknown
	c.1142-6675T>A	p.?	COSN17949737	1	Unknown
	c.1142-678C>T	p.?	COSN19098621	1	Unknown
	c.1142-6838C>G	p.?	COSN2300725	1	Unknown
	c.1142-7214A>G	p.?	COSN6371656	1	Unknown
	c.1142-72del	p.?	COSN18732752	4	Unknown
	c.1142-749dup	p.?	COSN28210456	1	Unknown
	c.1142-7594A>G	p.?	COSN28290610	1	Unknown
	c.1142-7688T>A	p.?	COSN16718012	2	Unknown
	c.1142-799G>A	p.?	COSN20356424	1	Unknown
	c.1142-8088A>C	p.?	COSN9273386	1	Unknown
	c.1142-8264C>T	p.?	COSN22610710	1	Unknown
	c.1142-8616C>G	p.?	COSN21401966	2	Unknown
	c.1142-8735G>C	p.?	COSN2300726	1	Unknown
	c.1142-9101C>T	p.?	COSN21387647	1	Unknown
	c.1142-9182C>G	p.?	COSN9690433	1	Unknown
	c.1142-9395C>A	p.?	COSN15840319	1	Unknown
	c.1142-9423G>T	p.?	COSN29760527	1	Unknown
	c.1142-9738G>T	p.?	COSN29892375	1	Unknown
	c.1142-9814A>C	p.?	COSN15972796	1	Unknown
	c.1142-9842A>G	p.?	COSN29742633	1	Unknown
	c.1317+10237A>G	p.?	COSN2300720	1	Unknown
	c.1317+10686A>C	p.?	COSN8113138	1	Unknown
	c.1317+10690A>G	p.?	COSN1370423	1	Unknown
	c.1317+10893A>T	p.?	COSN4924488	1	Unknown
	c.1317+11721G>T	p.?	COSN19453508	1	Unknown
	c.1317+11795C>G	p.?	COSN8113137	1	Unknown
	c.1317+11906T>C	p.?	COSN6371651	1	Unknown
	c.1317+11920A>G	p.?	COSN28276288	1	Unknown
	c.1317+12009C>A	p.?	COSN24646308	1	Unknown
	c.1317+12024A>G	p.?	COSN14501144	1	Unknown
	c.1317+12198del	p.?	COSN27380118	3	Unknown
	c.1317+12198dup	p.?	COSN27456332	2	Unknown
	c.1317+12221G>T	p.?	COSN9690429	1	Unknown
	c.1317+1239A>G	p.?	COSN5116998	1	Unknown
	c.1317+12616G>T	p.?	COSN30011529	1	Unknown
	c.1317+12675T>A	p.?	COSN27149562	1	Unknown
	c.1317+12853A>G	p.?	COSN1370422	1	Unknown
	c.1317+12879A>G	p.?	COSN6371650	1	Unknown
	c.1317+13061C>T	p.?	COSN29234858	1	Unknown
	c.1317+13622C>T	p.?	COSN8579711	1	Unknown
	c.1317+13762del	p.?	COSN33992831	1	Unknown
	c.1317+14446A>G	p.?	COSN24510532	1	Unknown
	c.1317+14541A>C	p.?	COSN19598411	1	Unknown
	c.1317+1460C>T	p.?	COSN5240478	1	Unknown
	c.1317+14722A>G	p.?	COSN8113136	1	Unknown
	c.1317+14775A>T	p.?	COSN16528419	2	Unknown
	c.1317+14824G>A	p.?	COSN9690428	1	Unknown
	c.1317+14969C>A	p.?	COSN32420960	1	Unknown
	c.1317+14981A>G	p.?	COSN6371649	1	Unknown
	c.1317+15631A>G	p.?	COSN9690427	1	Unknown
	c.1317+16368T>C	p.?	COSN25561245	1	Unknown
	c.1317+17093G>T	p.?	COSN16886930	1	Unknown
	c.1317+17134A>G	p.?	COSN22640995	1	Unknown
	c.1317+18053A>C	p.?	COSN29111865	1	Unknown
	c.1317+18134G>T	p.?	COSN9690426	2	Unknown
	c.1317+18396G>C	p.?	COSN21632913	1	Unknown
	c.1317+18407A>T	p.?	COSN17723142	1	Unknown
	c.1317+1870G>A	p.?	COSN33098463	1	Unknown
	c.1317+1877C>G	p.?	COSN21647912	1	Unknown
	c.1317+18800C>A	p.?	COSN23067884	1	Unknown
	c.1317+18854C>T	p.?	COSN6371648	1	Unknown
	c.1317+18C>A	p.?	COSN19708418	1	Unknown
	c.1317+19096G>A	p.?	COSN4884616	1	Unknown
	c.1317+19201T>A	p.?	COSN25452497	1	Unknown
	c.1317+19287C>G	p.?	COSN9690425	1	Unknown
	c.1317+19311A>G	p.?	COSN17907421	1	Unknown
	c.1317+19322A>C	p.?	COSN9690424	1	Unknown
	c.1317+19594G>A	p.?	COSN20999254	1	Unknown
	c.1317+19667C>A	p.?	COSN20708353	1	Unknown
	c.1317+19712G>T	p.?	COSN1370421	1	Unknown
	c.1317+19947G>A	p.?	COSN17639892	1	Unknown
	c.1317+20134C>T	p.?	COSN24149628	1	Unknown
	c.1317+20887C>A	p.?	COSN8291691	1	Unknown
	c.1317+21171C>G	p.?	COSN9273385	1	Unknown
	c.1317+21224G>T	p.?	COSN20905624	2	Unknown
	c.1317+21443A>C	p.?	COSN4884615	1	Unknown
	c.1317+21496G>A	p.?	COSN24672441	1	Unknown
	c.1317+21548G>T	p.?	COSN2300718	1	Unknown
	c.1317+21754G>A	p.?	COSN32209030	1	Unknown
	c.1317+21813C>G	p.?	COSN8113135	1	Unknown
	c.1317+22328C>T	p.?	COSN15370880	1	Unknown
	c.1317+22703G>C	p.?	COSN32947088	1	Unknown
	c.1317+22735G>A	p.?	COSN4924487	1	Unknown
	c.1317+22752T>A	p.?	COSN32020290	1	Unknown
	c.1317+22853T>C	p.?	COSN4924486	1	Unknown
	c.1317+22896A>C	p.?	COSN21975568	1	Unknown
	c.1317+22919A>T	p.?	COSN30378794	1	Unknown
	c.1317+22981C>G	p.?	COSN23884920	1	Unknown
	c.1317+23037A>T	p.?	COSN21070210	1	Unknown
	c.1317+23250A>G	p.?	COSN16401070	1	Unknown
	c.1317+23310C>G	p.?	COSN22268465	2	Unknown
	c.1317+2331C>G	p.?	COSN21652950	1	Unknown
	c.1317+23325A>G	p.?	COSN5693137	1	Unknown
	c.1317+23372A>G	p.?	COSN8113134	1	Unknown
	c.1317+23490T>C	p.?	COSN5240476	1	Unknown
	c.1317+23509G>A	p.?	COSN8113133	1	Unknown
	c.1317+23556C>T	p.?	COSN4924485	1	Unknown
	c.1317+23819A>G	p.?	COSN9461240	1	Unknown
	c.1317+23960C>T	p.?	COSN9273384	1	Unknown
	c.1317+239T>A	p.?	COSN31855950	1	Unknown
	c.1317+24001G>T	p.?	COSN8113132	1	Unknown
	c.1317+24015T>G	p.?	COSN33300359	1	Unknown
	c.1317+24266G>T	p.?	COSN2300717	1	Unknown
	c.1317+2427C>G	p.?	COSN21648617	1	Unknown
	c.1317+24873C>G	p.?	COSN17398254	1	Unknown
	c.1317+25078G>C	p.?	COSN20440332	1	Unknown
	c.1317+25293A>G	p.?	COSN17932009	1	Unknown
	c.1317+25369A>G	p.?	COSN6371645	1	Unknown
	c.1317+25489dup	p.?	COSN28488342	6	Unknown
	c.1317+25680G>T	p.?	COSN2300716	1	Unknown
	c.1317+25736T>G	p.?	COSN2300715	1	Unknown
	c.1317+25894A>G	p.?	COSN9690423	2	Unknown
	c.1317+25918C>T	p.?	COSN21109134	1	Unknown
	c.1317+25925G>A	p.?	COSN33091395	1	Unknown
	c.1317+26072C>T	p.?	COSN21646377	1	Unknown
	c.1317+26463G>A	p.?	COSN9690422	1	Unknown
	c.1317+26535T>C	p.?	COSN22712284	1	Unknown
	c.1317+2653C>A	p.?	COSN28099506	1	Unknown
	c.1317+26558C>T	p.?	COSN1370420	1	Unknown
	c.1317+26559T>C	p.?	COSN1370419	1	Unknown
	c.1317+26700A>G	p.?	COSN33847376	1	Unknown
	c.1317+26787C>A	p.?	COSN9690421	2	Unknown
	c.1317+27707G>T	p.?	COSN19297162	1	Unknown
	c.1317+278A>G	p.?	COSN21158443	1	Unknown
	c.1317+27934G>A	p.?	COSN30073273	1	Unknown
	c.1317+27991G>C	p.?	COSN16050238	1	Unknown
	c.1317+28087T>C	p.?	COSN8113131	1	Unknown
	c.1317+2821G>T	p.?	COSN30373364	1	Unknown
	c.1317+28532C>G	p.?	COSN9690420	1	Unknown
	c.1317+28594A>T	p.?	COSN8291690	2	Unknown
	c.1317+28597A>T	p.?	COSN23680360	1	Unknown
	c.1317+28756C>A	p.?	COSN2524336	1	Unknown
	c.1317+28811A>T	p.?	COSN9690419	1	Unknown
	c.1317+29252G>C	p.?	COSN22554234	2	Unknown
	c.1317+29288A>T	p.?	COSN16848259	1	Unknown
	c.1317+29472T>C	p.?	COSN19429420	1	Unknown
	c.1317+29760A>T	p.?	COSN22437307	1	Unknown
	c.1317+2T>G	p.?	COSM7534340	1	Unknown
	c.1317+30220T>C	p.?	COSN33432563	1	Unknown
	c.1317+30379G>A	p.?	COSN23627724	1	Unknown
	c.1317+30525C>A	p.?	COSN23706768	1	Unknown
	c.1317+30721A>T	p.?	COSN29393029	1	Unknown
	c.1317+30742G>A	p.?	COSN26706362	1	Unknown
	c.1317+30833A>G	p.?	COSN21669845	1	Unknown
	c.1317+31367A>G	p.?	COSN8113130	1	Unknown
	c.1317+31376dup	p.?	COSN29592345	2	Unknown
	c.1317+31419C>A	p.?	COSN2300714	1	Unknown
	c.1317+31560G>C	p.?	COSN20903427	2	Unknown
	c.1317+31954T>C	p.?	COSN4884614	1	Unknown
	c.1317+322C>A	p.?	COSN5693139	1	Unknown
	c.1317+32365A>G	p.?	COSN21698078	1	Unknown
	c.1317+32379G>A	p.?	COSN22384825	1	Unknown
	c.1317+3243G>A	p.?	COSN15839690	1	Unknown
	c.1317+32681T>A	p.?	COSN9273383	1	Unknown
	c.1317+32747G>T	p.?	COSN21820497	1	Unknown
	c.1317+32795C>T	p.?	COSN9690418	1	Unknown
	c.1317+3304C>T	p.?	COSN8113140	1	Unknown
	c.1317+33274G>A	p.?	COSN5693136	1	Unknown
	c.1317+33321C>T	p.?	COSN16952267	1	Unknown
	c.1317+33448T>A	p.?	COSN9690417	1	Unknown
	c.1317+33509T>G	p.?	COSN19027606	1	Unknown
	c.1317+33721T>C	p.?	COSN4943200	2	Unknown
	c.1317+33886G>C	p.?	COSN9690416	2	Unknown
	c.1317+34149A>G	p.?	COSN6371644	1	Unknown
	c.1317+34366C>A	p.?	COSN8113129	2	Unknown
	c.1317+34595T>C	p.?	COSN22507575	1	Unknown
	c.1317+34615G>C	p.?	COSN9690415	1	Unknown
	c.1317+35084G>A	p.?	COSN8291689	2	Unknown
	c.1317+35241G>A	p.?	COSN9461239	1	Unknown
	c.1317+35311A>T	p.?	COSN8113128	1	Unknown
	c.1317+35311del	p.?	COSN27195877	6	Unknown
	c.1317+35311dup	p.?	COSN28918727	1	Unknown
	c.1317+3541G>C	p.?	COSN22169114	1	Unknown
	c.1317+3610A>G	p.?	COSN8291693	1	Unknown
	c.1317+3711G>T	p.?	COSN6371653	1	Unknown
	c.1317+3766C>A	p.?	COSN8291692	1	Unknown
	c.1317+4163G>T	p.?	COSN28202804	1	Unknown
	c.1317+4434A>G	p.?	COSN23845895	1	Unknown
	c.1317+4577A>G	p.?	COSN25824715	1	Unknown
	c.1317+4581T>A	p.?	COSN15294029	1	Unknown
	c.1317+471C>A	p.?	COSN9690431	1	Unknown
	c.1317+4769G>A	p.?	COSN21899637	1	Unknown
	c.1317+4795A>G	p.?	COSN2300722	2	Unknown
	c.1317+5308G>A	p.?	COSN28052756	1	Unknown
	c.1317+5506T>G	p.?	COSN2300721	1	Unknown
	c.1317+5609C>T	p.?	COSN25984610	1	Unknown
	c.1317+5630C>T	p.?	COSN25999941	1	Unknown
	c.1317+5632C>T	p.?	COSN25994991	1	Unknown
	c.1317+5777G>A	p.?	COSN17452012	1	Unknown
	c.1317+5934_1317+5937del	p.?	COSN27940135	1	Unknown
	c.1317+5965A>G	p.?	COSN20297302	1	Unknown
	c.1317+5990G>A	p.?	COSN8113139	1	Unknown
	c.1317+60G>A	p.?	COSN19773468	1	Unknown
	c.1317+6563G>A	p.?	COSN17212972	1	Unknown
	c.1317+6687G>A	p.?	COSN26432645	1	Unknown
	c.1317+7000G>A	p.?	COSN4884619	1	Unknown
	c.1317+7050G>A	p.?	COSN22256462	1	Unknown
	c.1317+7416C>G	p.?	COSN9461241	1	Unknown
	c.1317+8091T>G	p.?	COSN15772538	1	Unknown
	c.1317+8153_1317+8188del	p.?	COSN22836146	1	Unknown
	c.1317+8416G>A	p.?	COSN4884618	1	Unknown
	c.1317+8572A>G	p.?	COSN26291014	1	Unknown
	c.1317+8830T>C	p.?	COSN21084180	1	Unknown
	c.1317+9012G>T	p.?	COSN14912234	1	Unknown
	c.1317+9175T>C	p.?	COSN5240477	1	Unknown
	c.1317+9509G>C	p.?	COSN18955666	2	Unknown
	c.1317+9581A>G	p.?	COSN6371652	1	Unknown
	c.1317+9907G>A	p.?	COSN20887642	1	Unknown
	c.1318-10094G>A	p.?	COSN22974071	1	Unknown
	c.1318-10297G>T	p.?	COSN15262472	1	Unknown
	c.1318-10564G>A	p.?	COSN25948941	1	Unknown
	c.1318-10711C>T	p.?	COSN26780377	1	Unknown
	c.1318-10829G>C	p.?	COSN9690404	1	Unknown
	c.1318-10990A>G	p.?	COSN33432559	1	Unknown
	c.1318-1130C>T	p.?	COSN21782152	1	Unknown
	c.1318-11439G>C	p.?	COSN18985746	1	Unknown
	c.1318-11550_1318-11549del	p.?	COSN23104839	2	Unknown
	c.1318-11552_1318-11549dup	p.?	COSN27399673	4	Unknown
	c.1318-11769G>A	p.?	COSN19119180	1	Unknown
	c.1318-12079C>T	p.?	COSN211862	1	Unknown
	c.1318-12099C>G	p.?	COSN21371880	1	Unknown
	c.1318-12380G>T	p.?	COSN22456681	1	Unknown
	c.1318-13011T>A	p.?	COSN29297646	1	Unknown
	c.1318-13045C>T	p.?	COSN8329602	1	Unknown
	c.1318-13095C>G	p.?	COSN20576331	1	Unknown
	c.1318-13171A>G	p.?	COSN6371633	1	Unknown
	c.1318-13223G>A	p.?	COSN20748923	1	Unknown
	c.1318-13233G>C	p.?	COSN9690405	1	Unknown
	c.1318-13258G>C	p.?	COSN18905033	1	Unknown
	c.1318-13310G>A	p.?	COSN17646527	1	Unknown
	c.1318-13371T>G	p.?	COSN9690406	1	Unknown
	c.1318-13532G>A	p.?	COSN23569475	1	Unknown
	c.1318-13762C>A	p.?	COSN8113119	1	Unknown
	c.1318-13819A>T	p.?	COSN8113120	1	Unknown
	c.1318-13824T>C	p.?	COSN6371634	1	Unknown
	c.1318-13871C>T	p.?	COSN9690407	1	Unknown
	c.1318-14027T>A	p.?	COSN17682071	1	Unknown
	c.1318-14247C>G	p.?	COSN9690408	1	Unknown
	c.1318-14487G>A	p.?	COSN25739649	1	Unknown
	c.1318-1470del	p.?	COSN23852528	1	Unknown
	c.1318-14744_1318-14742del	p.?	COSN22801221	1	Unknown
	c.1318-15364A>G	p.?	COSN8113121	1	Unknown
	c.1318-15613C>G	p.?	COSN26935316	1	Unknown
	c.1318-15983A>C	p.?	COSN20890347	1	Unknown
	c.1318-16017G>A	p.?	COSN22569267	1	Unknown
	c.1318-16258_1318-16257insTTTTTTT	p.?	COSN27727809	1	Unknown
	c.1318-16267_1318-16261del	p.?	COSN27726376	1	Unknown
	c.1318-1647G>T	p.?	COSN21862270	1	Unknown
	c.1318-16714G>C	p.?	COSN22758202	1	Unknown
	c.1318-1691G>A	p.?	COSN32663948	1	Unknown
	c.1318-1692C>T	p.?	COSN9690400	3	Unknown
	c.1318-17360G>C	p.?	COSN15950535	1	Unknown
	c.1318-17402G>T	p.?	COSN21680667	1	Unknown
	c.1318-17402_1318-17389del	p.?	COSN22836537	1	Unknown
	c.1318-17490G>A	p.?	COSN28436756	1	Unknown
	c.1318-17832G>T	p.?	COSN9690409	1	Unknown
	c.1318-18209G>C	p.?	COSN22165222	1	Unknown
	c.1318-18362A>T	p.?	COSN23142341	1	Unknown
	c.1318-1847G>T	p.?	COSN18955664	2	Unknown
	c.1318-1852A>G	p.?	COSN2300707	1	Unknown
	c.1318-18657G>C	p.?	COSN14982650	1	Unknown
	c.1318-18939A>T	p.?	COSN9690410	1	Unknown
	c.1318-19211C>G	p.?	COSN5240474	1	Unknown
	c.1318-19421A>T	p.?	COSN9273379	1	Unknown
	c.1318-19718C>G	p.?	COSN21971363	1	Unknown
	c.1318-19906C>G	p.?	COSN14998119	1	Unknown
	c.1318-20461C>T	p.?	COSN9273380	1	Unknown
	c.1318-20762A>G	p.?	COSN8113122	5	Unknown
	c.1318-21123C>T	p.?	COSN20990561	1	Unknown
	c.1318-21418T>C	p.?	COSN25316909	1	Unknown
	c.1318-22130C>T	p.?	COSN32663949	1	Unknown
	c.1318-22146C>G	p.?	COSN16703589	2	Unknown
	c.1318-22321A>C	p.?	COSN8113123	1	Unknown
	c.1318-22498A>T	p.?	COSN9690411	3	Unknown
	c.1318-22505A>G	p.?	COSN6371635	1	Unknown
	c.1318-22743G>T	p.?	COSN9273381	1	Unknown
	c.1318-22787G>T	p.?	COSN2300711	1	Unknown
	c.1318-22822A>G	p.?	COSN6371636	1	Unknown
	c.1318-22873A>G	p.?	COSN8113124	1	Unknown
	c.1318-22997G>T	p.?	COSN5693133	1	Unknown
	c.1318-23239C>T	p.?	COSN23185008	1	Unknown
	c.1318-23264C>T	p.?	COSN32457032	1	Unknown
	c.1318-23489C>G	p.?	COSN9690412	1	Unknown
	c.1318-23567T>G	p.?	COSN5116997	1	Unknown
	c.1318-2371G>A	p.?	COSN9690401	1	Unknown
	c.1318-2382A>G	p.?	COSN33234598	1	Unknown
	c.1318-23918T>G	p.?	COSN21640988	1	Unknown
	c.1318-24044C>T	p.?	COSN2300712	2	Unknown
	c.1318-24059A>T	p.?	COSN17590488	1	Unknown
	c.1318-24365T>C	p.?	COSN21536127	1	Unknown
	c.1318-24494A>G	p.?	COSN6371638	1	Unknown
	c.1318-24607C>A	p.?	COSN6371639	1	Unknown
	c.1318-24647A>G	p.?	COSN33009977	1	Unknown
	c.1318-25553C>T	p.?	COSN1370417	1	Unknown
	c.1318-25721C>T	p.?	COSN20412212	1	Unknown
	c.1318-26048G>C	p.?	COSN21994079	1	Unknown
	c.1318-26079C>A	p.?	COSN6371640	1	Unknown
	c.1318-26257T>C	p.?	COSN25942315	1	Unknown
	c.1318-26409T>C	p.?	COSN4614591	2	Unknown
	c.1318-2640C>T	p.?	COSN5116996	1	Unknown
	c.1318-26418G>A	p.?	COSN16582468	1	Unknown
	c.1318-26431T>G	p.?	COSN6371641	1	Unknown
	c.1318-26485G>T	p.?	COSN22241942	1	Unknown
	c.1318-26522T>G	p.?	COSN17188504	1	Unknown
	c.1318-27400A>T	p.?	COSN19398520	1	Unknown
	c.1318-27561T>A	p.?	COSN2300713	1	Unknown
	c.1318-28263T>A	p.?	COSN5240475	1	Unknown
	c.1318-28510G>T	p.?	COSN21908831	1	Unknown
	c.1318-28719T>G	p.?	COSN15259812	1	Unknown
	c.1318-28967G>A	p.?	COSN33850676	1	Unknown
	c.1318-28977G>A	p.?	COSN8113125	2	Unknown
	c.1318-29017T>A	p.?	COSN21900527	1	Unknown
	c.1318-2923A>G	p.?	COSN6371631	1	Unknown
	c.1318-29350C>G	p.?	COSN23727285	1	Unknown
	c.1318-30164A>G	p.?	COSN22959506	1	Unknown
	c.1318-30396C>A	p.?	COSN9273382	1	Unknown
	c.1318-30713G>A	p.?	COSN6371642	1	Unknown
	c.1318-30830C>G	p.?	COSN23641282	1	Unknown
	c.1318-30853C>G	p.?	COSN15227015	1	Unknown
	c.1318-30860C>G	p.?	COSN33432560	1	Unknown
	c.1318-31142A>G	p.?	COSN8113126	1	Unknown
	c.1318-3140T>C	p.?	COSN16742648	2	Unknown
	c.1318-31540T>C	p.?	COSN20303996	1	Unknown
	c.1318-31594G>T	p.?	COSN21218101	1	Unknown
	c.1318-3165G>C	p.?	COSN20767060	2	Unknown
	c.1318-3169G>A	p.?	COSN31641226	1	Unknown
	c.1318-32141A>G	p.?	COSN29352729	1	Unknown
	c.1318-32274A>G	p.?	COSN5693134	1	Unknown
	c.1318-3246C>T	p.?	COSN21854448	2	Unknown
	c.1318-32778G>C	p.?	COSN22047988	1	Unknown
	c.1318-33130G>A	p.?	COSN27156020	1	Unknown
	c.1318-33228dup	p.?	COSN29110375	1	Unknown
	c.1318-33371A>G	p.?	COSN9690413	1	Unknown
	c.1318-33440C>G	p.?	COSN21972181	1	Unknown
	c.1318-33490G>A	p.?	COSN27548932	1	Unknown
	c.1318-33548G>C	p.?	COSN22911967	1	Unknown
	c.1318-33833dup	p.?	COSN33432562	1	Unknown
	c.1318-34150A>C	p.?	COSN9690414	1	Unknown
	c.1318-34392A>G	p.?	COSN6371643	1	Unknown
	c.1318-34523A>G	p.?	COSN16443194	1	Unknown
	c.1318-34758G>A	p.?	COSN20887127	1	Unknown
	c.1318-34823G>A	p.?	COSN8113127	1	Unknown
	c.1318-34826G>C	p.?	COSN16737375	2	Unknown
	c.1318-35000G>T	p.?	COSN1370418	1	Unknown
	c.1318-35128G>A	p.?	COSN14663374	1	Unknown
	c.1318-35195C>G	p.?	COSN24677159	1	Unknown
	c.1318-35197C>G	p.?	COSN24514923	1	Unknown
	c.1318-35201G>C	p.?	COSN20371432	3	Unknown
	c.1318-3731C>T	p.?	COSN28000501	1	Unknown
	c.1318-3941C>G	p.?	COSN32209028	1	Unknown
	c.1318-3_1318-2insCAAGATGG	p.?	COSM10886950	1	Unknown
	c.1318-4202C>G	p.?	COSN32209029	1	Unknown
	c.1318-4601A>G	p.?	COSN1370416	1	Unknown
	c.1318-4609T>A	p.?	COSN9690402	1	Unknown
	c.1318-4668A>T	p.?	COSN19496473	1	Unknown
	c.1318-4715G>T	p.?	COSN8291688	1	Unknown
	c.1318-4753A>C	p.?	COSN22228650	1	Unknown
	c.1318-4836C>A	p.?	COSN21795825	1	Unknown
	c.1318-5640A>G	p.?	COSN26500263	1	Unknown
	c.1318-5879C>T	p.?	COSN4884613	1	Unknown
	c.1318-5916_1318-5906del	p.?	COSN22847011	1	Unknown
	c.1318-5929G>A	p.?	COSN17740689	2	Unknown
	c.1318-6876C>G	p.?	COSN15730130	1	Unknown
	c.1318-6984G>T	p.?	COSN9461238	1	Unknown
	c.1318-7120C>T	p.?	COSN6371632	1	Unknown
	c.1318-7242_1318-7239del	p.?	COSN2300708	1	Unknown
	c.1318-7460G>A	p.?	COSN4943199	1	Unknown
	c.1318-7641G>A	p.?	COSN23545318	1	Unknown
	c.1318-7651T>C	p.?	COSN2300709	2	Unknown
	c.1318-7791T>G	p.?	COSN9690403	1	Unknown
	c.1318-8401T>C	p.?	COSN33432558	1	Unknown
	c.1318-8407C>G	p.?	COSN22636793	1	Unknown
	c.1318-9277G>A	p.?	COSN21794605	1	Unknown
	c.1318-9450C>A	p.?	COSN21616144	1	Unknown
	c.1318-978A>T	p.?	COSN2300706	1	Unknown
	c.*10C>T	p.?	COSN30454318	3	Unknown
	c.*1134A>G	p.?	COSN31611244	1	Unknown
	c.*1208C>T	p.?	COSN15658263	1	Unknown
	c.*130T>C	p.?	COSN31538430	1	Unknown
	c.*136C>T	p.?	COSN31538750	1	Unknown
	c.*15C>G	p.?	COSN31575552	1	Unknown
	c.*164G>C	p.?	COSN30170180	1	Unknown
	c.*19T>G	p.?	COSN26997255	1	Unknown
	c.*214G>A	p.?	COSN28675810	2	Unknown
	c.*236C>A	p.?	COSN30539722	1	Unknown
	c.*243C>T	p.?	COSN31563024	1	Unknown
	c.*501C>G	p.?	COSN33226182	1	Unknown
	c.*569G>T	p.?	COSN16908096	1	Unknown
	c.*773A>G	p.?	COSN31530875	1	Unknown
	c.*77T>G	p.?	COSN31557899	1	Unknown
	c.*984A>G	p.?	COSN30165061	1	Unknown
