Mutation	Source	pathogenicity score	pathogenicity class
Q51H	ClinVar	0.6629	likely_pathogenic
V98I	ClinVar	0.27	likely_benign
S106C	ClinVar	0.9942	likely_pathogenic
A124E	ClinVar	0.9548	likely_pathogenic
M140V	ClinVar	0.6145	likely_pathogenic
I147V	ClinVar	0.2394	likely_benign
A163E	ClinVar	0.9999	likely_pathogenic
R178C	ClinVar	0.998	likely_pathogenic
G208A	ClinVar	0.9792	likely_pathogenic
I212M	ClinVar	0.3265	likely_benign
M214I	ClinVar	0.9761	likely_pathogenic
M214V	ClinVar	0.9128	likely_pathogenic
G217E	ClinVar	0.9972	likely_pathogenic
K218Q	ClinVar	0.8432	likely_pathogenic
I224K	ClinVar	0.9978	likely_pathogenic
D249G	ClinVar	0.1095	likely_benign
D249N	ClinVar	0.0887	likely_benign
F277L	ClinVar	0.9921	likely_pathogenic
S285P	ClinVar	0.2053	likely_benign
I286T	ClinVar	0.2813	likely_benign
R301K	ClinVar	0.091	likely_benign
H302Q	ClinVar	0.0801	likely_benign
H302R	ClinVar	0.1094	likely_benign
R307L	ClinVar	0.2252	likely_benign
S316L	ClinVar	0.102	likely_benign
D317A	ClinVar	0.1655	likely_benign
S333I	ClinVar	0.2051	likely_benign
T342M	ClinVar	0.1339	likely_benign
A347S	ClinVar	0.0728	likely_benign
M350V	ClinVar	0.1335	likely_benign
I351T	ClinVar	0.4576	ambiguous
D361N	ClinVar	0.1815	likely_benign
E375G	ClinVar	0.1331	likely_benign
T378A	ClinVar	0.2665	likely_benign
T378S	ClinVar	0.1397	likely_benign
P386S	ClinVar	0.0651	likely_benign
V388I	ClinVar	0.0637	likely_benign
P391S	ClinVar	0.9487	likely_pathogenic
S392Y	ClinVar	0.3617	ambiguous
M394V	ClinVar	0.3169	likely_benign
Q412K	ClinVar	0.0769	likely_benign
N413I	ClinVar	0.0987	likely_benign
M414I	ClinVar	0.0719	likely_benign
F418C	ClinVar	0.0703	likely_benign
M420V	ClinVar	0.0484	likely_benign
D427E	ClinVar	0.0919	likely_benign
N428Y	ClinVar	0.159	likely_benign
D434G	ClinVar	0.2589	likely_benign
G435R	ClinVar	0.7991	likely_pathogenic
R461Q	ClinVar	0.0859	likely_benign
E465Q	ClinVar	0.3288	likely_benign
L466V	ClinVar	0.4839	ambiguous
R469I	ClinVar	0.9259	likely_pathogenic
N490S	ClinVar	0.2776	likely_benign
Q3K	COSMIC	0.0958	likely_benign
P5S	COSMIC	0.0729	likely_benign
K10T	COSMIC	0.1986	likely_benign
E16D	COSMIC	0.5769	likely_pathogenic
S18C	COSMIC	0.2848	likely_benign
P23L	COSMIC	0.9975	likely_pathogenic
V26L	COSMIC	0.9919	likely_pathogenic
E31D	COSMIC	0.8176	likely_pathogenic
E35K	COSMIC	0.9761	likely_pathogenic
G36E	COSMIC	1	likely_pathogenic
G39A	COSMIC	0.9993	likely_pathogenic
S40N	COSMIC	0.8026	likely_pathogenic
K47T	COSMIC	0.9683	likely_pathogenic
G50S	COSMIC	0.3645	ambiguous
A54T	COSMIC	0.9994	likely_pathogenic
I55V	COSMIC	0.2701	likely_benign
Q57H	COSMIC	0.9784	likely_pathogenic
P59H	COSMIC	0.9959	likely_pathogenic
P59R	COSMIC	0.9949	likely_pathogenic
V60L	COSMIC	0.9552	likely_pathogenic
I67V	COSMIC	0.9313	likely_pathogenic
E70D	COSMIC	0.9999	likely_pathogenic
S72P	COSMIC	0.9998	likely_pathogenic
S72F	COSMIC	0.984	likely_pathogenic
I73L	COSMIC	0.8811	likely_pathogenic
C77R	COSMIC	0.9998	likely_pathogenic
D78G	COSMIC	0.9024	likely_pathogenic
S79G	COSMIC	0.8925	likely_pathogenic
S79I	COSMIC	0.9961	likely_pathogenic
Y81H	COSMIC	0.1987	likely_benign
V82I	COSMIC	0.2412	likely_benign
W96L	COSMIC	0.9789	likely_pathogenic
E100K	COSMIC	0.9997	likely_pathogenic
Y101H	COSMIC	0.9975	likely_pathogenic
A104T	COSMIC	0.9775	likely_pathogenic
G105A	COSMIC	0.9956	likely_pathogenic
S106F	COSMIC	0.9997	likely_pathogenic
S108L	COSMIC	0.7972	likely_pathogenic
I110T	COSMIC	0.9392	likely_pathogenic
R112K	COSMIC	0.6786	likely_pathogenic
R112I	COSMIC	0.9923	likely_pathogenic
R114Q	COSMIC	0.6342	likely_pathogenic
T130I	COSMIC	0.8093	likely_pathogenic
G133R	COSMIC	0.9999	likely_pathogenic
G133E	COSMIC	0.9999	likely_pathogenic
K142R	COSMIC	0.7654	likely_pathogenic
H144Y	COSMIC	0.9998	likely_pathogenic
R145K	COSMIC	0.9984	likely_pathogenic
D146Y	COSMIC	0.9998	likely_pathogenic
G150V	COSMIC	0.9996	likely_pathogenic
N151S	COSMIC	0.9995	likely_pathogenic
L153F	COSMIC	0.9992	likely_pathogenic
G158R	COSMIC	0.9998	likely_pathogenic
A163T	COSMIC	0.9978	likely_pathogenic
A163S	COSMIC	0.9691	likely_pathogenic
D173Y	COSMIC	0.9961	likely_pathogenic
D173V	COSMIC	0.9973	likely_pathogenic
M175K	COSMIC	0.9939	likely_pathogenic
A176S	COSMIC	0.732	likely_pathogenic
R178H	COSMIC	0.998	likely_pathogenic
V181L	COSMIC	0.9965	likely_pathogenic
F186L	COSMIC	0.9998	likely_pathogenic
M188T	COSMIC	1	likely_pathogenic
E191K	COSMIC	0.9997	likely_pathogenic
V192G	COSMIC	0.9948	likely_pathogenic
Q194K	COSMIC	0.7841	likely_pathogenic
Y198C	COSMIC	0.9994	likely_pathogenic
T210P	COSMIC	0.9985	likely_pathogenic
S211F	COSMIC	0.979	likely_pathogenic
E213Q	COSMIC	0.9969	likely_pathogenic
E216D	COSMIC	0.8759	likely_pathogenic
P220H	COSMIC	0.9997	likely_pathogenic
P226A	COSMIC	0.9873	likely_pathogenic
P226S	COSMIC	0.998	likely_pathogenic
P234H	COSMIC	0.999	likely_pathogenic
E245D	COSMIC	0.0962	likely_benign
F251S	COSMIC	0.9944	likely_pathogenic
D253N	COSMIC	0.1433	likely_benign
K257R	COSMIC	0.0818	likely_benign
E264K	COSMIC	0.629	likely_pathogenic
Q265K	COSMIC	0.1384	likely_benign
Q274R	COSMIC	0.2644	likely_benign
Q274H	COSMIC	0.2304	likely_benign
I278F	COSMIC	0.8137	likely_pathogenic
V284G	COSMIC	0.1942	likely_benign
L290M	COSMIC	0.1285	likely_benign
T292I	COSMIC	0.2174	likely_benign
E293K	COSMIC	0.8242	likely_pathogenic
E293Q	COSMIC	0.5001	ambiguous
E293D	COSMIC	0.1507	likely_benign
E311K	COSMIC	0.198	likely_benign
E314Q	COSMIC	0.2178	likely_benign
E318K	COSMIC	0.3464	ambiguous
D322N	COSMIC	0.19	likely_benign
D322Y	COSMIC	0.3829	ambiguous
M326L	COSMIC	0.3085	likely_benign
V327A	COSMIC	0.6786	likely_pathogenic
K328N	COSMIC	0.4834	ambiguous
G335D	COSMIC	0.3868	ambiguous
T336I	COSMIC	0.874	likely_pathogenic
R338W	COSMIC	0.4232	ambiguous
R338L	COSMIC	0.3451	ambiguous
M343I	COSMIC	0.258	likely_benign
E345K	COSMIC	0.1999	likely_benign
H353N	COSMIC	0.1039	likely_benign
S355I	COSMIC	0.3824	ambiguous
T356M	COSMIC	0.2023	likely_benign
M357I	COSMIC	0.4326	ambiguous
L358F	COSMIC	0.346	ambiguous
E370D	COSMIC	0.05	likely_benign
D371N	COSMIC	0.113	likely_benign
G377R	COSMIC	0.5472	ambiguous
M379T	COSMIC	0.8895	likely_pathogenic
R390S	COSMIC	0.8844	likely_pathogenic
H407Q	COSMIC	0.0584	likely_benign
E408K	COSMIC	0.1123	likely_benign
S421F	COSMIC	0.1593	likely_benign
N423S	COSMIC	0.0705	likely_benign
P426S	COSMIC	0.1906	likely_benign
D427H	COSMIC	0.2808	likely_benign
D427G	COSMIC	0.1357	likely_benign
P432S	COSMIC	0.5272	ambiguous
Q433R	COSMIC	0.1549	likely_benign
D434N	COSMIC	0.2074	likely_benign
R451W	COSMIC	0.9215	likely_pathogenic
R451Q	COSMIC	0.6213	likely_pathogenic
P457L	COSMIC	0.5834	likely_pathogenic
E460K	COSMIC	0.883	likely_pathogenic
L466R	COSMIC	0.9798	likely_pathogenic
R467C	COSMIC	0.4736	ambiguous
Y470C	COSMIC	0.9949	likely_pathogenic
T471A	COSMIC	0.0792	likely_benign
A472V	COSMIC	0.2613	likely_benign
P476S	COSMIC	0.9927	likely_pathogenic
P476L	COSMIC	0.9864	likely_pathogenic
D479H	COSMIC	0.9246	likely_pathogenic
A480V	COSMIC	0.8467	likely_pathogenic
D482H	COSMIC	0.9009	likely_pathogenic
D482G	COSMIC	0.7706	likely_pathogenic
K484E	COSMIC	0.9975	likely_pathogenic
R486I	COSMIC	0.7994	likely_pathogenic
R487S	COSMIC	0.9742	likely_pathogenic
N490H	COSMIC	0.3105	likely_benign
